code,ccs_category,ccs_category_description,icd_version
2900,653,Delirium dementia and amnestic and other cognitive disorders,9
2903,653,Delirium dementia and amnestic and other cognitive disorders,9
2908,653,Delirium dementia and amnestic and other cognitive disorders,9
2909,653,Delirium dementia and amnestic and other cognitive disorders,9
2910,660,Alcohol-related disorders,9
2911,660,Alcohol-related disorders,9
2912,660,Alcohol-related disorders,9
2913,660,Alcohol-related disorders,9
2914,660,Alcohol-related disorders,9
2915,660,Alcohol-related disorders,9
2918,660,Alcohol-related disorders,9
2919,660,Alcohol-related disorders,9
2920,661,Substance-related disorders,9
2922,661,Substance-related disorders,9
2929,661,Substance-related disorders,9
2930,653,Delirium dementia and amnestic and other cognitive disorders,9
2931,653,Delirium dementia and amnestic and other cognitive disorders,9
2939,670,Miscellaneous mental health disorders,9
2940,653,Delirium dementia and amnestic and other cognitive disorders,9
2941,653,Delirium dementia and amnestic and other cognitive disorders,9
2948,653,Delirium dementia and amnestic and other cognitive disorders,9
2949,653,Delirium dementia and amnestic and other cognitive disorders,9
2970,659,Schizophrenia and other psychotic disorders,9
2971,659,Schizophrenia and other psychotic disorders,9
2972,659,Schizophrenia and other psychotic disorders,9
2973,659,Schizophrenia and other psychotic disorders,9
2978,659,Schizophrenia and other psychotic disorders,9
2979,659,Schizophrenia and other psychotic disorders,9
2980,659,Schizophrenia and other psychotic disorders,9
2981,659,Schizophrenia and other psychotic disorders,9
2982,659,Schizophrenia and other psychotic disorders,9
2983,659,Schizophrenia and other psychotic disorders,9
2984,659,Schizophrenia and other psychotic disorders,9
2988,659,Schizophrenia and other psychotic disorders,9
2989,659,Schizophrenia and other psychotic disorders,9
3003,651,Anxiety disorders,9
3004,657,Mood disorders,9
3005,651,Anxiety disorders,9
3006,670,Miscellaneous mental health disorders,9
3007,670,Miscellaneous mental health disorders,9
3009,651,Anxiety disorders,9
3010,658,Personality disorders,9
3013,658,Personality disorders,9
3014,658,Personality disorders,9
3016,658,Personality disorders,9
3017,658,Personality disorders,9
3019,658,Personality disorders,9
3021,670,Miscellaneous mental health disorders,9
3022,670,Miscellaneous mental health disorders,9
3023,670,Miscellaneous mental health disorders,9
3024,670,Miscellaneous mental health disorders,9
3026,670,Miscellaneous mental health disorders,9
3029,670,Miscellaneous mental health disorders,9
3051,663,Screening and history of mental health and substance abuse codes,9
3060,670,Miscellaneous mental health disorders,9
3061,670,Miscellaneous mental health disorders,9
3062,670,Miscellaneous mental health disorders,9
3063,670,Miscellaneous mental health disorders,9
3064,670,Miscellaneous mental health disorders,9
3066,670,Miscellaneous mental health disorders,9
3067,670,Miscellaneous mental health disorders,9
3068,670,Miscellaneous mental health disorders,9
3069,670,Miscellaneous mental health disorders,9
3070,654,Developmental disorders,9
3071,670,Miscellaneous mental health disorders,9
3073,655,Disorders usually diagnosed in infancy childhood or adolescence,9
3076,655,Disorders usually diagnosed in infancy childhood or adolescence,9
3077,655,Disorders usually diagnosed in infancy childhood or adolescence,9
3079,654,Developmental disorders,9
3080,651,Anxiety disorders,9
3081,651,Anxiety disorders,9
3082,651,Anxiety disorders,9
3083,651,Anxiety disorders,9
3084,651,Anxiety disorders,9
3089,651,Anxiety disorders,9
3090,650,Adjustment disorders,9
3091,650,Adjustment disorders,9
3093,650,Adjustment disorders,9
3094,650,Adjustment disorders,9
3099,650,Adjustment disorders,9
3100,653,Delirium dementia and amnestic and other cognitive disorders,9
3101,670,Miscellaneous mental health disorders,9
3102,653,Delirium dementia and amnestic and other cognitive disorders,9
3108,653,Delirium dementia and amnestic and other cognitive disorders,9
3109,653,Delirium dementia and amnestic and other cognitive disorders,9
3128,652,Attention-deficit conduct and disruptive behavior disorders,9
3129,652,Attention-deficit conduct and disruptive behavior disorders,9
3130,651,Anxiety disorders,9
3131,651,Anxiety disorders,9
3133,651,Anxiety disorders,9
3139,655,Disorders usually diagnosed in infancy childhood or adolescence,9
3141,652,Attention-deficit conduct and disruptive behavior disorders,9
3142,652,Attention-deficit conduct and disruptive behavior disorders,9
3148,652,Attention-deficit conduct and disruptive behavior disorders,9
3149,652,Attention-deficit conduct and disruptive behavior disorders,9
3151,654,Developmental disorders,9
3152,654,Developmental disorders,9
3154,654,Developmental disorders,9
3155,654,Developmental disorders,9
3158,654,Developmental disorders,9
3159,654,Developmental disorders,9
3180,654,Developmental disorders,9
3181,654,Developmental disorders,9
3182,654,Developmental disorders,9
E9500,662,Suicide and intentional self-inflicted injury,9
E9501,662,Suicide and intentional self-inflicted injury,9
E9502,662,Suicide and intentional self-inflicted injury,9
E9503,662,Suicide and intentional self-inflicted injury,9
E9504,662,Suicide and intentional self-inflicted injury,9
E9505,662,Suicide and intentional self-inflicted injury,9
E9506,662,Suicide and intentional self-inflicted injury,9
E9507,662,Suicide and intentional self-inflicted injury,9
E9508,662,Suicide and intentional self-inflicted injury,9
E9509,662,Suicide and intentional self-inflicted injury,9
E9510,662,Suicide and intentional self-inflicted injury,9
E9511,662,Suicide and intentional self-inflicted injury,9
E9518,662,Suicide and intentional self-inflicted injury,9
E9520,662,Suicide and intentional self-inflicted injury,9
E9521,662,Suicide and intentional self-inflicted injury,9
E9528,662,Suicide and intentional self-inflicted injury,9
E9529,662,Suicide and intentional self-inflicted injury,9
E9530,662,Suicide and intentional self-inflicted injury,9
E9531,662,Suicide and intentional self-inflicted injury,9
E9538,662,Suicide and intentional self-inflicted injury,9
E9539,662,Suicide and intentional self-inflicted injury,9
E9550,662,Suicide and intentional self-inflicted injury,9
E9551,662,Suicide and intentional self-inflicted injury,9
E9552,662,Suicide and intentional self-inflicted injury,9
E9553,662,Suicide and intentional self-inflicted injury,9
E9554,662,Suicide and intentional self-inflicted injury,9
E9555,662,Suicide and intentional self-inflicted injury,9
E9559,662,Suicide and intentional self-inflicted injury,9
E9570,662,Suicide and intentional self-inflicted injury,9
E9571,662,Suicide and intentional self-inflicted injury,9
E9572,662,Suicide and intentional self-inflicted injury,9
E9579,662,Suicide and intentional self-inflicted injury,9
E9580,662,Suicide and intentional self-inflicted injury,9
E9581,662,Suicide and intentional self-inflicted injury,9
E9582,662,Suicide and intentional self-inflicted injury,9
E9583,662,Suicide and intentional self-inflicted injury,9
E9584,662,Suicide and intentional self-inflicted injury,9
E9585,662,Suicide and intentional self-inflicted injury,9
E9586,662,Suicide and intentional self-inflicted injury,9
E9587,662,Suicide and intentional self-inflicted injury,9
E9588,662,Suicide and intentional self-inflicted injury,9
E9589,662,Suicide and intentional self-inflicted injury,9
E9800,671,Events of undetermined intent,9
E9801,671,Events of undetermined intent,9
E9802,671,Events of undetermined intent,9
E9803,671,Events of undetermined intent,9
E9804,671,Events of undetermined intent,9
E9805,671,Events of undetermined intent,9
E9806,671,Events of undetermined intent,9
E9807,671,Events of undetermined intent,9
E9808,671,Events of undetermined intent,9
E9809,671,Events of undetermined intent,9
E9810,671,Events of undetermined intent,9
E9811,671,Events of undetermined intent,9
E9818,671,Events of undetermined intent,9
E9820,671,Events of undetermined intent,9
E9821,671,Events of undetermined intent,9
E9828,671,Events of undetermined intent,9
E9829,671,Events of undetermined intent,9
E9830,671,Events of undetermined intent,9
E9831,671,Events of undetermined intent,9
E9838,671,Events of undetermined intent,9
E9839,671,Events of undetermined intent,9
E9850,671,Events of undetermined intent,9
E9851,671,Events of undetermined intent,9
E9852,671,Events of undetermined intent,9
E9853,671,Events of undetermined intent,9
E9854,671,Events of undetermined intent,9
E9855,671,Events of undetermined intent,9
E9870,671,Events of undetermined intent,9
E9871,671,Events of undetermined intent,9
E9872,671,Events of undetermined intent,9
E9879,671,Events of undetermined intent,9
E9880,671,Events of undetermined intent,9
E9881,671,Events of undetermined intent,9
E9882,671,Events of undetermined intent,9
E9883,671,Events of undetermined intent,9
E9884,671,Events of undetermined intent,9
E9885,671,Events of undetermined intent,9
E9886,671,Events of undetermined intent,9
E9887,671,Events of undetermined intent,9
E9888,671,Events of undetermined intent,9
E9889,671,Events of undetermined intent,9
2901,653,Delirium dementia and amnestic and other cognitive disorders,9
2902,653,Delirium dementia and amnestic and other cognitive disorders,9
2904,653,Delirium dementia and amnestic and other cognitive disorders,9
2921,661,Substance-related disorders,9
2928,661,Substance-related disorders,9
2950,659,Schizophrenia and other psychotic disorders,9
2951,659,Schizophrenia and other psychotic disorders,9
2952,659,Schizophrenia and other psychotic disorders,9
2953,659,Schizophrenia and other psychotic disorders,9
2954,659,Schizophrenia and other psychotic disorders,9
2955,659,Schizophrenia and other psychotic disorders,9
2956,659,Schizophrenia and other psychotic disorders,9
2957,659,Schizophrenia and other psychotic disorders,9
2958,659,Schizophrenia and other psychotic disorders,9
2959,659,Schizophrenia and other psychotic disorders,9
2960,657,Mood disorders,9
2961,657,Mood disorders,9
2962,657,Mood disorders,9
2963,657,Mood disorders,9
2964,657,Mood disorders,9
2965,657,Mood disorders,9
2966,657,Mood disorders,9
2968,657,Mood disorders,9
2969,657,Mood disorders,9
2990,655,Disorders usually diagnosed in infancy childhood or adolescence,9
2991,655,Disorders usually diagnosed in infancy childhood or adolescence,9
2998,655,Disorders usually diagnosed in infancy childhood or adolescence,9
2999,655,Disorders usually diagnosed in infancy childhood or adolescence,9
3011,658,Personality disorders,9
3012,658,Personality disorders,9
3015,658,Personality disorders,9
3018,658,Personality disorders,9
3020,670,Miscellaneous mental health disorders,9
3025,670,Miscellaneous mental health disorders,9
3027,670,Miscellaneous mental health disorders,9
3028,670,Miscellaneous mental health disorders,9
3039,660,Alcohol-related disorders,9
3040,661,Substance-related disorders,9
3041,661,Substance-related disorders,9
3042,661,Substance-related disorders,9
3043,661,Substance-related disorders,9
3044,661,Substance-related disorders,9
3045,661,Substance-related disorders,9
3046,661,Substance-related disorders,9
3047,661,Substance-related disorders,9
3048,661,Substance-related disorders,9
3049,661,Substance-related disorders,9
3065,670,Miscellaneous mental health disorders,9
3119,657,Mood disorders,9
3140,652,Attention-deficit conduct and disruptive behavior disorders,9
3150,654,Developmental disorders,9
3153,654,Developmental disorders,9
3169,670,Miscellaneous mental health disorders,9
3179,654,Developmental disorders,9
31991,654,Developmental disorders,9
31999,654,Developmental disorders,9
E9549,662,Suicide and intentional self-inflicted injury,9
E9569,662,Suicide and intentional self-inflicted injury,9
E9599,662,Suicide and intentional self-inflicted injury,9
E9849,671,Events of undetermined intent,9
E9869,671,Events of undetermined intent,9
E9899,671,Events of undetermined intent,9
2938,670,Miscellaneous mental health disorders,9
3000,651,Anxiety disorders,9
3001,651,Anxiety disorders,9
3002,651,Anxiety disorders,9
3008,651,Anxiety disorders,9
3050,660,Alcohol-related disorders,9
3052,661,Substance-related disorders,9
3053,661,Substance-related disorders,9
3054,661,Substance-related disorders,9
3055,661,Substance-related disorders,9
3056,661,Substance-related disorders,9
3057,661,Substance-related disorders,9
3058,661,Substance-related disorders,9
3059,661,Substance-related disorders,9
3072,655,Disorders usually diagnosed in infancy childhood or adolescence,9
30740,670,Miscellaneous mental health disorders,9
30741,670,Miscellaneous mental health disorders,9
30742,670,Miscellaneous mental health disorders,9
30743,670,Miscellaneous mental health disorders,9
30744,670,Miscellaneous mental health disorders,9
30749,670,Miscellaneous mental health disorders,9
30750,670,Miscellaneous mental health disorders,9
30751,670,Miscellaneous mental health disorders,9
30752,670,Miscellaneous mental health disorders,9
30753,670,Miscellaneous mental health disorders,9
30754,670,Miscellaneous mental health disorders,9
30755,670,Miscellaneous mental health disorders,9
30759,670,Miscellaneous mental health disorders,9
3078,670,Miscellaneous mental health disorders,9
3092,650,Adjustment disorders,9
3098,650,Adjustment disorders,9
3120,652,Attention-deficit conduct and disruptive behavior disorders,9
3121,652,Attention-deficit conduct and disruptive behavior disorders,9
3122,652,Attention-deficit conduct and disruptive behavior disorders,9
3123,656,Impulse control disorders NEC,9
3132,651,Anxiety disorders,9
3138,655,Disorders usually diagnosed in infancy childhood or adolescence,9
3310,653,Delirium dementia and amnestic and other cognitive disorders,9
3318,653,Delirium dementia and amnestic and other cognitive disorders,9
3311,653,Delirium dementia and amnestic and other cognitive disorders,9
3312,653,Delirium dementia and amnestic and other cognitive disorders,9
797,653,Delirium dementia and amnestic and other cognitive disorders,9
V400,654,Developmental disorders,9
V401,654,Developmental disorders,9
3575,660,Alcohol-related disorders,9
4255,660,Alcohol-related disorders,9
5353,660,Alcohol-related disorders,9
5710,660,Alcohol-related disorders,9
5711,660,Alcohol-related disorders,9
5712,660,Alcohol-related disorders,9
5713,660,Alcohol-related disorders,9
76076,660,Alcohol-related disorders,9
9800,660,Alcohol-related disorders,9
6483,661,Substance-related disorders,9
6555,661,Substance-related disorders,9
76077,661,Substance-related disorders,9
7795,661,Substance-related disorders,9
9650,661,Substance-related disorders,9
7903,663,Screening and history of mental health and substance abuse codes,9
V11,663,Screening and history of mental health and substance abuse codes,9
V15,663,Screening and history of mental health and substance abuse codes,9
V663,663,Screening and history of mental health and substance abuse codes,9
V701,663,Screening and history of mental health and substance abuse codes,9
V702,663,Screening and history of mental health and substance abuse codes,9
V710,663,Screening and history of mental health and substance abuse codes,9
V790,663,Screening and history of mental health and substance abuse codes,9
V791,663,Screening and history of mental health and substance abuse codes,9
V792,663,Screening and history of mental health and substance abuse codes,9
V793,663,Screening and history of mental health and substance abuse codes,9
V798,663,Screening and history of mental health and substance abuse codes,9
V799,663,Screening and history of mental health and substance abuse codes,9
6484,670,Miscellaneous mental health disorders,9
V402,670,Miscellaneous mental health disorders,9
V403,670,Miscellaneous mental health disorders,9
V409,670,Miscellaneous mental health disorders,9
V673,670,Miscellaneous mental health disorders,9
X4009,671,Events of undetermined intent,10
X401,671,Events of undetermined intent,10
X402,671,Events of undetermined intent,10
X403,671,Events of undetermined intent,10
X404,671,Events of undetermined intent,10
X405,671,Events of undetermined intent,10
X406,671,Events of undetermined intent,10
X407,671,Events of undetermined intent,10
X408,671,Events of undetermined intent,10
X4099,671,Events of undetermined intent,10
X4108,671,Events of undetermined intent,10
X411,671,Events of undetermined intent,10
X412,671,Events of undetermined intent,10
X413,671,Events of undetermined intent,10
X414,671,Events of undetermined intent,10
X415,671,Events of undetermined intent,10
X416,671,Events of undetermined intent,10
X417,671,Events of undetermined intent,10
X418,671,Events of undetermined intent,10
X419,671,Events of undetermined intent,10
X4208,671,Events of undetermined intent,10
X421,671,Events of undetermined intent,10
X422,671,Events of undetermined intent,10
X423,671,Events of undetermined intent,10
X424,671,Events of undetermined intent,10
X425,671,Events of undetermined intent,10
X426,671,Events of undetermined intent,10
X427,671,Events of undetermined intent,10
X428,671,Events of undetermined intent,10
X4291,671,Events of undetermined intent,10
X4299,671,Events of undetermined intent,10
X430,671,Events of undetermined intent,10
X431,671,Events of undetermined intent,10
X432,671,Events of undetermined intent,10
X433,671,Events of undetermined intent,10
X434,671,Events of undetermined intent,10
X435,671,Events of undetermined intent,10
X436,671,Events of undetermined intent,10
X437,671,Events of undetermined intent,10
X438,671,Events of undetermined intent,10
X4399,671,Events of undetermined intent,10
X4408,671,Events of undetermined intent,10
X4409,671,Events of undetermined intent,10
X441,671,Events of undetermined intent,10
X442,671,Events of undetermined intent,10
X443,671,Events of undetermined intent,10
X444,671,Events of undetermined intent,10
X445,671,Events of undetermined intent,10
X446,671,Events of undetermined intent,10
X447,671,Events of undetermined intent,10
X448,671,Events of undetermined intent,10
X4499,671,Events of undetermined intent,10
X450,671,Events of undetermined intent,10
X451,671,Events of undetermined intent,10
X452,671,Events of undetermined intent,10
X453,671,Events of undetermined intent,10
X454,671,Events of undetermined intent,10
X455,671,Events of undetermined intent,10
X456,671,Events of undetermined intent,10
X457,671,Events of undetermined intent,10
X458,671,Events of undetermined intent,10
X4599,671,Events of undetermined intent,10
X460,671,Events of undetermined intent,10
X461,671,Events of undetermined intent,10
X462,671,Events of undetermined intent,10
X463,671,Events of undetermined intent,10
X464,671,Events of undetermined intent,10
X465,671,Events of undetermined intent,10
X4669,671,Events of undetermined intent,10
X467,671,Events of undetermined intent,10
X468,671,Events of undetermined intent,10
X469,671,Events of undetermined intent,10
X470,671,Events of undetermined intent,10
X471,671,Events of undetermined intent,10
X472,671,Events of undetermined intent,10
X473,671,Events of undetermined intent,10
X474,671,Events of undetermined intent,10
X475,671,Events of undetermined intent,10
X476,671,Events of undetermined intent,10
X477,671,Events of undetermined intent,10
X478,671,Events of undetermined intent,10
X479,671,Events of undetermined intent,10
X480,671,Events of undetermined intent,10
X481,671,Events of undetermined intent,10
X482,671,Events of undetermined intent,10
X483,671,Events of undetermined intent,10
X484,671,Events of undetermined intent,10
X485,671,Events of undetermined intent,10
X486,671,Events of undetermined intent,10
X487,671,Events of undetermined intent,10
X488,671,Events of undetermined intent,10
X489,671,Events of undetermined intent,10
X4909,671,Events of undetermined intent,10
X491,671,Events of undetermined intent,10
X492,671,Events of undetermined intent,10
X493,671,Events of undetermined intent,10
X4948,671,Events of undetermined intent,10
X495,671,Events of undetermined intent,10
X496,671,Events of undetermined intent,10
X497,671,Events of undetermined intent,10
X498,671,Events of undetermined intent,10
X499,671,Events of undetermined intent,10
X6008,662,Suicide and intentional self-inflicted injury,10
X6009,662,Suicide and intentional self-inflicted injury,10
X601,662,Suicide and intentional self-inflicted injury,10
X602,662,Suicide and intentional self-inflicted injury,10
X603,662,Suicide and intentional self-inflicted injury,10
X604,662,Suicide and intentional self-inflicted injury,10
X605,662,Suicide and intentional self-inflicted injury,10
X606,662,Suicide and intentional self-inflicted injury,10
X607,662,Suicide and intentional self-inflicted injury,10
X608,662,Suicide and intentional self-inflicted injury,10
X6099,662,Suicide and intentional self-inflicted injury,10
X6108,662,Suicide and intentional self-inflicted injury,10
X6109,662,Suicide and intentional self-inflicted injury,10
X611,662,Suicide and intentional self-inflicted injury,10
X612,662,Suicide and intentional self-inflicted injury,10
X613,662,Suicide and intentional self-inflicted injury,10
X614,662,Suicide and intentional self-inflicted injury,10
X615,662,Suicide and intentional self-inflicted injury,10
X616,662,Suicide and intentional self-inflicted injury,10
X617,662,Suicide and intentional self-inflicted injury,10
X6188,662,Suicide and intentional self-inflicted injury,10
X6198,662,Suicide and intentional self-inflicted injury,10
X6199,662,Suicide and intentional self-inflicted injury,10
X6209,662,Suicide and intentional self-inflicted injury,10
X621,662,Suicide and intentional self-inflicted injury,10
X622,662,Suicide and intentional self-inflicted injury,10
X623,662,Suicide and intentional self-inflicted injury,10
X624,662,Suicide and intentional self-inflicted injury,10
X625,662,Suicide and intentional self-inflicted injury,10
X626,662,Suicide and intentional self-inflicted injury,10
X627,662,Suicide and intentional self-inflicted injury,10
X628,662,Suicide and intentional self-inflicted injury,10
X629,662,Suicide and intentional self-inflicted injury,10
X630,662,Suicide and intentional self-inflicted injury,10
X631,662,Suicide and intentional self-inflicted injury,10
X632,662,Suicide and intentional self-inflicted injury,10
X633,662,Suicide and intentional self-inflicted injury,10
X634,662,Suicide and intentional self-inflicted injury,10
X635,662,Suicide and intentional self-inflicted injury,10
X636,662,Suicide and intentional self-inflicted injury,10
X637,662,Suicide and intentional self-inflicted injury,10
X638,662,Suicide and intentional self-inflicted injury,10
X6399,662,Suicide and intentional self-inflicted injury,10
X6409,662,Suicide and intentional self-inflicted injury,10
X641,662,Suicide and intentional self-inflicted injury,10
X642,662,Suicide and intentional self-inflicted injury,10
X643,662,Suicide and intentional self-inflicted injury,10
X644,662,Suicide and intentional self-inflicted injury,10
X645,662,Suicide and intentional self-inflicted injury,10
X646,662,Suicide and intentional self-inflicted injury,10
X647,662,Suicide and intentional self-inflicted injury,10
X648,662,Suicide and intentional self-inflicted injury,10
X6499,662,Suicide and intentional self-inflicted injury,10
X6509,662,Suicide and intentional self-inflicted injury,10
X651,662,Suicide and intentional self-inflicted injury,10
X652,662,Suicide and intentional self-inflicted injury,10
X653,662,Suicide and intentional self-inflicted injury,10
X654,662,Suicide and intentional self-inflicted injury,10
X655,662,Suicide and intentional self-inflicted injury,10
X656,662,Suicide and intentional self-inflicted injury,10
X657,662,Suicide and intentional self-inflicted injury,10
X658,662,Suicide and intentional self-inflicted injury,10
X6598,662,Suicide and intentional self-inflicted injury,10
X6599,662,Suicide and intentional self-inflicted injury,10
X660,662,Suicide and intentional self-inflicted injury,10
X661,662,Suicide and intentional self-inflicted injury,10
X662,662,Suicide and intentional self-inflicted injury,10
X663,662,Suicide and intentional self-inflicted injury,10
X664,662,Suicide and intentional self-inflicted injury,10
X665,662,Suicide and intentional self-inflicted injury,10
X666,662,Suicide and intentional self-inflicted injury,10
X667,662,Suicide and intentional self-inflicted injury,10
X668,662,Suicide and intentional self-inflicted injury,10
X669,662,Suicide and intentional self-inflicted injury,10
X670,662,Suicide and intentional self-inflicted injury,10
X671,662,Suicide and intentional self-inflicted injury,10
X672,662,Suicide and intentional self-inflicted injury,10
X673,662,Suicide and intentional self-inflicted injury,10
X674,662,Suicide and intentional self-inflicted injury,10
X675,662,Suicide and intentional self-inflicted injury,10
X676,662,Suicide and intentional self-inflicted injury,10
X677,662,Suicide and intentional self-inflicted injury,10
X678,662,Suicide and intentional self-inflicted injury,10
X679,662,Suicide and intentional self-inflicted injury,10
X680,662,Suicide and intentional self-inflicted injury,10
X681,662,Suicide and intentional self-inflicted injury,10
X682,662,Suicide and intentional self-inflicted injury,10
X683,662,Suicide and intentional self-inflicted injury,10
X684,662,Suicide and intentional self-inflicted injury,10
X685,662,Suicide and intentional self-inflicted injury,10
X686,662,Suicide and intentional self-inflicted injury,10
X687,662,Suicide and intentional self-inflicted injury,10
X688,662,Suicide and intentional self-inflicted injury,10
X689,662,Suicide and intentional self-inflicted injury,10
X690,662,Suicide and intentional self-inflicted injury,10
X691,662,Suicide and intentional self-inflicted injury,10
X692,662,Suicide and intentional self-inflicted injury,10
X693,662,Suicide and intentional self-inflicted injury,10
X694,662,Suicide and intentional self-inflicted injury,10
X695,662,Suicide and intentional self-inflicted injury,10
X696,662,Suicide and intentional self-inflicted injury,10
X697,662,Suicide and intentional self-inflicted injury,10
X698,662,Suicide and intentional self-inflicted injury,10
X699,662,Suicide and intentional self-inflicted injury,10
X700,662,Suicide and intentional self-inflicted injury,10
X701,662,Suicide and intentional self-inflicted injury,10
X702,662,Suicide and intentional self-inflicted injury,10
X703,662,Suicide and intentional self-inflicted injury,10
X704,662,Suicide and intentional self-inflicted injury,10
X705,662,Suicide and intentional self-inflicted injury,10
X706,662,Suicide and intentional self-inflicted injury,10
X707,662,Suicide and intentional self-inflicted injury,10
X7089,662,Suicide and intentional self-inflicted injury,10
X709,662,Suicide and intentional self-inflicted injury,10
X710,662,Suicide and intentional self-inflicted injury,10
X711,662,Suicide and intentional self-inflicted injury,10
X712,662,Suicide and intentional self-inflicted injury,10
X713,662,Suicide and intentional self-inflicted injury,10
X714,662,Suicide and intentional self-inflicted injury,10
X715,662,Suicide and intentional self-inflicted injury,10
X716,662,Suicide and intentional self-inflicted injury,10
X717,662,Suicide and intentional self-inflicted injury,10
X718,662,Suicide and intentional self-inflicted injury,10
X719,662,Suicide and intentional self-inflicted injury,10
X720,662,Suicide and intentional self-inflicted injury,10
X721,662,Suicide and intentional self-inflicted injury,10
X722,662,Suicide and intentional self-inflicted injury,10
X723,662,Suicide and intentional self-inflicted injury,10
X724,662,Suicide and intentional self-inflicted injury,10
X725,662,Suicide and intentional self-inflicted injury,10
X726,662,Suicide and intentional self-inflicted injury,10
X727,662,Suicide and intentional self-inflicted injury,10
X728,662,Suicide and intentional self-inflicted injury,10
X729,662,Suicide and intentional self-inflicted injury,10
X730,662,Suicide and intentional self-inflicted injury,10
X731,662,Suicide and intentional self-inflicted injury,10
X732,662,Suicide and intentional self-inflicted injury,10
X733,662,Suicide and intentional self-inflicted injury,10
X734,662,Suicide and intentional self-inflicted injury,10
X735,662,Suicide and intentional self-inflicted injury,10
X736,662,Suicide and intentional self-inflicted injury,10
X737,662,Suicide and intentional self-inflicted injury,10
X738,662,Suicide and intentional self-inflicted injury,10
X739,662,Suicide and intentional self-inflicted injury,10
X740,662,Suicide and intentional self-inflicted injury,10
X741,662,Suicide and intentional self-inflicted injury,10
X742,662,Suicide and intentional self-inflicted injury,10
X743,662,Suicide and intentional self-inflicted injury,10
X744,662,Suicide and intentional self-inflicted injury,10
X745,662,Suicide and intentional self-inflicted injury,10
X746,662,Suicide and intentional self-inflicted injury,10
X747,662,Suicide and intentional self-inflicted injury,10
X748,662,Suicide and intentional self-inflicted injury,10
X749,662,Suicide and intentional self-inflicted injury,10
X750,662,Suicide and intentional self-inflicted injury,10
X751,662,Suicide and intentional self-inflicted injury,10
X752,662,Suicide and intentional self-inflicted injury,10
X753,662,Suicide and intentional self-inflicted injury,10
X754,662,Suicide and intentional self-inflicted injury,10
X755,662,Suicide and intentional self-inflicted injury,10
X756,662,Suicide and intentional self-inflicted injury,10
X757,662,Suicide and intentional self-inflicted injury,10
X758,662,Suicide and intentional self-inflicted injury,10
X759,662,Suicide and intentional self-inflicted injury,10
X7609,662,Suicide and intentional self-inflicted injury,10
X761,662,Suicide and intentional self-inflicted injury,10
X762,662,Suicide and intentional self-inflicted injury,10
X763,662,Suicide and intentional self-inflicted injury,10
X764,662,Suicide and intentional self-inflicted injury,10
X765,662,Suicide and intentional self-inflicted injury,10
X766,662,Suicide and intentional self-inflicted injury,10
X767,662,Suicide and intentional self-inflicted injury,10
X768,662,Suicide and intentional self-inflicted injury,10
X769,662,Suicide and intentional self-inflicted injury,10
X770,662,Suicide and intentional self-inflicted injury,10
X771,662,Suicide and intentional self-inflicted injury,10
X772,662,Suicide and intentional self-inflicted injury,10
X773,662,Suicide and intentional self-inflicted injury,10
X774,662,Suicide and intentional self-inflicted injury,10
X775,662,Suicide and intentional self-inflicted injury,10
X776,662,Suicide and intentional self-inflicted injury,10
X777,662,Suicide and intentional self-inflicted injury,10
X778,662,Suicide and intentional self-inflicted injury,10
X779,662,Suicide and intentional self-inflicted injury,10
X780,662,Suicide and intentional self-inflicted injury,10
X781,662,Suicide and intentional self-inflicted injury,10
X782,662,Suicide and intentional self-inflicted injury,10
X783,662,Suicide and intentional self-inflicted injury,10
X784,662,Suicide and intentional self-inflicted injury,10
X785,662,Suicide and intentional self-inflicted injury,10
X786,662,Suicide and intentional self-inflicted injury,10
X787,662,Suicide and intentional self-inflicted injury,10
X788,662,Suicide and intentional self-inflicted injury,10
X7899,662,Suicide and intentional self-inflicted injury,10
X790,662,Suicide and intentional self-inflicted injury,10
X791,662,Suicide and intentional self-inflicted injury,10
X792,662,Suicide and intentional self-inflicted injury,10
X793,662,Suicide and intentional self-inflicted injury,10
X794,662,Suicide and intentional self-inflicted injury,10
X795,662,Suicide and intentional self-inflicted injury,10
X796,662,Suicide and intentional self-inflicted injury,10
X797,662,Suicide and intentional self-inflicted injury,10
X798,662,Suicide and intentional self-inflicted injury,10
X799,662,Suicide and intentional self-inflicted injury,10
X800,662,Suicide and intentional self-inflicted injury,10
X801,662,Suicide and intentional self-inflicted injury,10
X802,662,Suicide and intentional self-inflicted injury,10
X803,662,Suicide and intentional self-inflicted injury,10
X804,662,Suicide and intentional self-inflicted injury,10
X805,662,Suicide and intentional self-inflicted injury,10
X806,662,Suicide and intentional self-inflicted injury,10
X807,662,Suicide and intentional self-inflicted injury,10
X808,662,Suicide and intentional self-inflicted injury,10
X809,662,Suicide and intentional self-inflicted injury,10
X810,662,Suicide and intentional self-inflicted injury,10
X811,662,Suicide and intentional self-inflicted injury,10
X812,662,Suicide and intentional self-inflicted injury,10
X813,662,Suicide and intentional self-inflicted injury,10
X814,662,Suicide and intentional self-inflicted injury,10
X815,662,Suicide and intentional self-inflicted injury,10
X816,662,Suicide and intentional self-inflicted injury,10
X817,662,Suicide and intentional self-inflicted injury,10
X818,662,Suicide and intentional self-inflicted injury,10
X819,662,Suicide and intentional self-inflicted injury,10
X820,662,Suicide and intentional self-inflicted injury,10
X821,662,Suicide and intentional self-inflicted injury,10
X822,662,Suicide and intentional self-inflicted injury,10
X823,662,Suicide and intentional self-inflicted injury,10
X824,662,Suicide and intentional self-inflicted injury,10
X825,662,Suicide and intentional self-inflicted injury,10
X826,662,Suicide and intentional self-inflicted injury,10
X827,662,Suicide and intentional self-inflicted injury,10
X828,662,Suicide and intentional self-inflicted injury,10
X829,662,Suicide and intentional self-inflicted injury,10
X830,662,Suicide and intentional self-inflicted injury,10
X831,662,Suicide and intentional self-inflicted injury,10
X832,662,Suicide and intentional self-inflicted injury,10
X833,662,Suicide and intentional self-inflicted injury,10
X834,662,Suicide and intentional self-inflicted injury,10
X835,662,Suicide and intentional self-inflicted injury,10
X836,662,Suicide and intentional self-inflicted injury,10
X837,662,Suicide and intentional self-inflicted injury,10
X838,662,Suicide and intentional self-inflicted injury,10
X839,662,Suicide and intentional self-inflicted injury,10
X840,662,Suicide and intentional self-inflicted injury,10
X841,662,Suicide and intentional self-inflicted injury,10
X842,662,Suicide and intentional self-inflicted injury,10
X843,662,Suicide and intentional self-inflicted injury,10
X844,662,Suicide and intentional self-inflicted injury,10
X845,662,Suicide and intentional self-inflicted injury,10
X846,662,Suicide and intentional self-inflicted injury,10
X847,662,Suicide and intentional self-inflicted injury,10
X848,662,Suicide and intentional self-inflicted injury,10
X849,662,Suicide and intentional self-inflicted injury,10
Y100,671,Events of undetermined intent,10
Y101,671,Events of undetermined intent,10
Y102,671,Events of undetermined intent,10
Y103,671,Events of undetermined intent,10
Y104,671,Events of undetermined intent,10
Y105,671,Events of undetermined intent,10
Y106,671,Events of undetermined intent,10
Y107,671,Events of undetermined intent,10
Y108,671,Events of undetermined intent,10
Y109,671,Events of undetermined intent,10
Y1109,671,Events of undetermined intent,10
Y111,671,Events of undetermined intent,10
Y112,671,Events of undetermined intent,10
Y113,671,Events of undetermined intent,10
Y114,671,Events of undetermined intent,10
Y115,671,Events of undetermined intent,10
Y116,671,Events of undetermined intent,10
Y117,671,Events of undetermined intent,10
Y118,671,Events of undetermined intent,10
Y119,671,Events of undetermined intent,10
Y120,671,Events of undetermined intent,10
Y121,671,Events of undetermined intent,10
Y122,671,Events of undetermined intent,10
Y123,671,Events of undetermined intent,10
Y124,671,Events of undetermined intent,10
Y125,671,Events of undetermined intent,10
Y126,671,Events of undetermined intent,10
Y127,671,Events of undetermined intent,10
Y128,671,Events of undetermined intent,10
Y129,671,Events of undetermined intent,10
Y130,671,Events of undetermined intent,10
Y131,671,Events of undetermined intent,10
Y132,671,Events of undetermined intent,10
Y133,671,Events of undetermined intent,10
Y134,671,Events of undetermined intent,10
Y135,671,Events of undetermined intent,10
Y136,671,Events of undetermined intent,10
Y137,671,Events of undetermined intent,10
Y138,671,Events of undetermined intent,10
Y139,671,Events of undetermined intent,10
Y140,671,Events of undetermined intent,10
Y141,671,Events of undetermined intent,10
Y142,671,Events of undetermined intent,10
Y143,671,Events of undetermined intent,10
Y144,671,Events of undetermined intent,10
Y145,671,Events of undetermined intent,10
Y146,671,Events of undetermined intent,10
Y147,671,Events of undetermined intent,10
Y148,671,Events of undetermined intent,10
Y149,671,Events of undetermined intent,10
Y150,671,Events of undetermined intent,10
Y151,671,Events of undetermined intent,10
Y152,671,Events of undetermined intent,10
Y153,671,Events of undetermined intent,10
Y154,671,Events of undetermined intent,10
Y155,671,Events of undetermined intent,10
Y156,671,Events of undetermined intent,10
Y157,671,Events of undetermined intent,10
Y158,671,Events of undetermined intent,10
Y159,671,Events of undetermined intent,10
Y160,671,Events of undetermined intent,10
Y161,671,Events of undetermined intent,10
Y162,671,Events of undetermined intent,10
Y163,671,Events of undetermined intent,10
Y164,671,Events of undetermined intent,10
Y165,671,Events of undetermined intent,10
Y166,671,Events of undetermined intent,10
Y167,671,Events of undetermined intent,10
Y168,671,Events of undetermined intent,10
Y169,671,Events of undetermined intent,10
Y170,671,Events of undetermined intent,10
Y171,671,Events of undetermined intent,10
Y172,671,Events of undetermined intent,10
Y173,671,Events of undetermined intent,10
Y174,671,Events of undetermined intent,10
Y175,671,Events of undetermined intent,10
Y176,671,Events of undetermined intent,10
Y177,671,Events of undetermined intent,10
Y178,671,Events of undetermined intent,10
Y179,671,Events of undetermined intent,10
Y180,671,Events of undetermined intent,10
Y181,671,Events of undetermined intent,10
Y182,671,Events of undetermined intent,10
Y183,671,Events of undetermined intent,10
Y184,671,Events of undetermined intent,10
Y185,671,Events of undetermined intent,10
Y186,671,Events of undetermined intent,10
Y187,671,Events of undetermined intent,10
Y188,671,Events of undetermined intent,10
Y189,671,Events of undetermined intent,10
Y190,671,Events of undetermined intent,10
Y191,671,Events of undetermined intent,10
Y192,671,Events of undetermined intent,10
Y193,671,Events of undetermined intent,10
Y194,671,Events of undetermined intent,10
Y195,671,Events of undetermined intent,10
Y196,671,Events of undetermined intent,10
Y197,671,Events of undetermined intent,10
Y198,671,Events of undetermined intent,10
Y199,671,Events of undetermined intent,10
Y200,671,Events of undetermined intent,10
Y201,671,Events of undetermined intent,10
Y202,671,Events of undetermined intent,10
Y203,671,Events of undetermined intent,10
Y204,671,Events of undetermined intent,10
Y205,671,Events of undetermined intent,10
Y206,671,Events of undetermined intent,10
Y207,671,Events of undetermined intent,10
Y208,671,Events of undetermined intent,10
Y209,671,Events of undetermined intent,10
Y210,671,Events of undetermined intent,10
Y211,671,Events of undetermined intent,10
Y212,671,Events of undetermined intent,10
Y213,671,Events of undetermined intent,10
Y214,671,Events of undetermined intent,10
Y215,671,Events of undetermined intent,10
Y216,671,Events of undetermined intent,10
Y217,671,Events of undetermined intent,10
Y218,671,Events of undetermined intent,10
Y219,671,Events of undetermined intent,10
Y220,671,Events of undetermined intent,10
Y221,671,Events of undetermined intent,10
Y222,671,Events of undetermined intent,10
Y223,671,Events of undetermined intent,10
Y224,671,Events of undetermined intent,10
Y225,671,Events of undetermined intent,10
Y226,671,Events of undetermined intent,10
Y227,671,Events of undetermined intent,10
Y228,671,Events of undetermined intent,10
Y229,671,Events of undetermined intent,10
Y230,671,Events of undetermined intent,10
Y231,671,Events of undetermined intent,10
Y232,671,Events of undetermined intent,10
Y233,671,Events of undetermined intent,10
Y234,671,Events of undetermined intent,10
Y235,671,Events of undetermined intent,10
Y236,671,Events of undetermined intent,10
Y237,671,Events of undetermined intent,10
Y238,671,Events of undetermined intent,10
Y239,671,Events of undetermined intent,10
Y240,671,Events of undetermined intent,10
Y241,671,Events of undetermined intent,10
Y242,671,Events of undetermined intent,10
Y243,671,Events of undetermined intent,10
Y244,671,Events of undetermined intent,10
Y245,671,Events of undetermined intent,10
Y246,671,Events of undetermined intent,10
Y247,671,Events of undetermined intent,10
Y248,671,Events of undetermined intent,10
Y249,671,Events of undetermined intent,10
Y250,671,Events of undetermined intent,10
Y251,671,Events of undetermined intent,10
Y252,671,Events of undetermined intent,10
Y253,671,Events of undetermined intent,10
Y254,671,Events of undetermined intent,10
Y255,671,Events of undetermined intent,10
Y256,671,Events of undetermined intent,10
Y257,671,Events of undetermined intent,10
Y258,671,Events of undetermined intent,10
Y259,671,Events of undetermined intent,10
Y260,671,Events of undetermined intent,10
Y261,671,Events of undetermined intent,10
Y262,671,Events of undetermined intent,10
Y263,671,Events of undetermined intent,10
Y264,671,Events of undetermined intent,10
Y265,671,Events of undetermined intent,10
Y266,671,Events of undetermined intent,10
Y267,671,Events of undetermined intent,10
Y268,671,Events of undetermined intent,10
Y269,671,Events of undetermined intent,10
Y270,671,Events of undetermined intent,10
Y271,671,Events of undetermined intent,10
Y272,671,Events of undetermined intent,10
Y273,671,Events of undetermined intent,10
Y274,671,Events of undetermined intent,10
Y275,671,Events of undetermined intent,10
Y276,671,Events of undetermined intent,10
Y277,671,Events of undetermined intent,10
Y278,671,Events of undetermined intent,10
Y279,671,Events of undetermined intent,10
Y280,671,Events of undetermined intent,10
Y281,671,Events of undetermined intent,10
Y282,671,Events of undetermined intent,10
Y283,671,Events of undetermined intent,10
Y284,671,Events of undetermined intent,10
Y2859,671,Events of undetermined intent,10
Y286,671,Events of undetermined intent,10
Y287,671,Events of undetermined intent,10
Y288,671,Events of undetermined intent,10
Y289,671,Events of undetermined intent,10
Y290,671,Events of undetermined intent,10
Y291,671,Events of undetermined intent,10
Y292,671,Events of undetermined intent,10
Y293,671,Events of undetermined intent,10
Y294,671,Events of undetermined intent,10
Y295,671,Events of undetermined intent,10
Y296,671,Events of undetermined intent,10
Y297,671,Events of undetermined intent,10
Y298,671,Events of undetermined intent,10
Y299,671,Events of undetermined intent,10
Y300,671,Events of undetermined intent,10
Y301,671,Events of undetermined intent,10
Y302,671,Events of undetermined intent,10
Y303,671,Events of undetermined intent,10
Y304,671,Events of undetermined intent,10
Y305,671,Events of undetermined intent,10
Y306,671,Events of undetermined intent,10
Y307,671,Events of undetermined intent,10
Y308,671,Events of undetermined intent,10
Y309,671,Events of undetermined intent,10
Y310,671,Events of undetermined intent,10
Y311,671,Events of undetermined intent,10
Y312,671,Events of undetermined intent,10
Y313,671,Events of undetermined intent,10
Y314,671,Events of undetermined intent,10
Y315,671,Events of undetermined intent,10
Y316,671,Events of undetermined intent,10
Y317,671,Events of undetermined intent,10
Y318,671,Events of undetermined intent,10
Y319,671,Events of undetermined intent,10
Y320,671,Events of undetermined intent,10
Y321,671,Events of undetermined intent,10
Y322,671,Events of undetermined intent,10
Y323,671,Events of undetermined intent,10
Y324,671,Events of undetermined intent,10
Y325,671,Events of undetermined intent,10
Y326,671,Events of undetermined intent,10
Y327,671,Events of undetermined intent,10
Y328,671,Events of undetermined intent,10
Y329,671,Events of undetermined intent,10
Y330,671,Events of undetermined intent,10
Y331,671,Events of undetermined intent,10
Y332,671,Events of undetermined intent,10
Y333,671,Events of undetermined intent,10
Y334,671,Events of undetermined intent,10
Y335,671,Events of undetermined intent,10
Y336,671,Events of undetermined intent,10
Y337,671,Events of undetermined intent,10
Y338,671,Events of undetermined intent,10
Y339,671,Events of undetermined intent,10
Y340,671,Events of undetermined intent,10
Y341,671,Events of undetermined intent,10
Y342,671,Events of undetermined intent,10
Y343,671,Events of undetermined intent,10
Y344,671,Events of undetermined intent,10
Y345,671,Events of undetermined intent,10
Y346,671,Events of undetermined intent,10
Y347,671,Events of undetermined intent,10
Y348,671,Events of undetermined intent,10
Y3499,671,Events of undetermined intent,10
F04,653,Delirium dementia and amnestic and other cognitive disorders,10
F060,659,Schizophrenia and other psychotic disorders,10
F061,670,Miscellaneous mental health disorders,10
F062,659,Schizophrenia and other psychotic disorders,10
F064,651,Anxiety disorders,10
F068,670,Miscellaneous mental health disorders,10
F070,653,Delirium dementia and amnestic and other cognitive disorders,10
F079,653,Delirium dementia and amnestic and other cognitive disorders,10
F09,653,Delirium dementia and amnestic and other cognitive disorders,10
F200,659,Schizophrenia and other psychotic disorders,10
F201,659,Schizophrenia and other psychotic disorders,10
F202,659,Schizophrenia and other psychotic disorders,10
F203,659,Schizophrenia and other psychotic disorders,10
F205,659,Schizophrenia and other psychotic disorders,10
F209,659,Schizophrenia and other psychotic disorders,10
F21,659,Schizophrenia and other psychotic disorders,10
F24,659,Schizophrenia and other psychotic disorders,10
F250,659,Schizophrenia and other psychotic disorders,10
F251,659,Schizophrenia and other psychotic disorders,10
F258,659,Schizophrenia and other psychotic disorders,10
F259,659,Schizophrenia and other psychotic disorders,10
F28,659,Schizophrenia and other psychotic disorders,10
F29,659,Schizophrenia and other psychotic disorders,10
F302,657,Mood disorders,10
F308,657,Mood disorders,10
F309,657,Mood disorders,10
F310,657,Mood disorders,10
F312,657,Mood disorders,10
F314,657,Mood disorders,10
F315,657,Mood disorders,10
F319,657,Mood disorders,10
F320,657,Mood disorders,10
F321,657,Mood disorders,10
F322,657,Mood disorders,10
F323,657,Mood disorders,10
F328,657,Mood disorders,10
F329,657,Mood disorders,10
F330,657,Mood disorders,10
F331,657,Mood disorders,10
F332,657,Mood disorders,10
F333,657,Mood disorders,10
F338,657,Mood disorders,10
F339,657,Mood disorders,10
F340,657,Mood disorders,10
F341,657,Mood disorders,10
F348,657,Mood disorders,10
F349,657,Mood disorders,10
F39,657,Mood disorders,10
F408,651,Anxiety disorders,10
F409,651,Anxiety disorders,10
F410,651,Anxiety disorders,10
F411,651,Anxiety disorders,10
F413,651,Anxiety disorders,10
F418,651,Anxiety disorders,10
F419,651,Anxiety disorders,10
F422,651,Anxiety disorders,10
F428,651,Anxiety disorders,10
F429,651,Anxiety disorders,10
F430,651,Anxiety disorders,10
F438,650,Adjustment disorders,10
F439,650,Adjustment disorders,10
F440,670,Miscellaneous mental health disorders,10
F441,670,Miscellaneous mental health disorders,10
F442,670,Miscellaneous mental health disorders,10
F444,670,Miscellaneous mental health disorders,10
F445,670,Miscellaneous mental health disorders,10
F446,670,Miscellaneous mental health disorders,10
F447,670,Miscellaneous mental health disorders,10
F449,670,Miscellaneous mental health disorders,10
F450,670,Miscellaneous mental health disorders,10
F451,670,Miscellaneous mental health disorders,10
F458,670,Miscellaneous mental health disorders,10
F459,670,Miscellaneous mental health disorders,10
F481,670,Miscellaneous mental health disorders,10
F488,651,Anxiety disorders,10
F489,651,Anxiety disorders,10
F502,670,Miscellaneous mental health disorders,10
F508,670,Miscellaneous mental health disorders,10
F509,670,Miscellaneous mental health disorders,10
F513,670,Miscellaneous mental health disorders,10
F514,670,Miscellaneous mental health disorders,10
F515,670,Miscellaneous mental health disorders,10
F518,670,Miscellaneous mental health disorders,10
F519,670,Miscellaneous mental health disorders,10
F520,670,Miscellaneous mental health disorders,10
F521,670,Miscellaneous mental health disorders,10
F524,670,Miscellaneous mental health disorders,10
F525,670,Miscellaneous mental health disorders,10
F526,670,Miscellaneous mental health disorders,10
F528,670,Miscellaneous mental health disorders,10
F529,670,Miscellaneous mental health disorders,10
F530,670,Miscellaneous mental health disorders,10
F531,670,Miscellaneous mental health disorders,10
F54,670,Miscellaneous mental health disorders,10
F59,670,Miscellaneous mental health disorders,10
F600,658,Personality disorders,10
F601,658,Personality disorders,10
F602,658,Personality disorders,10
F603,658,Personality disorders,10
F604,658,Personality disorders,10
F605,658,Personality disorders,10
F606,658,Personality disorders,10
F607,658,Personality disorders,10
F609,658,Personality disorders,10
F630,656,Impulse control disorders NEC,10
F631,656,Impulse control disorders NEC,10
F632,656,Impulse control disorders NEC,10
F633,656,Impulse control disorders NEC,10
F639,656,Impulse control disorders NEC,10
F640,670,Miscellaneous mental health disorders,10
F641,670,Miscellaneous mental health disorders,10
F642,655,Disorders usually diagnosed in infancy childhood or adolescence,10
F648,670,Miscellaneous mental health disorders,10
F649,670,Miscellaneous mental health disorders,10
F650,670,Miscellaneous mental health disorders,10
F651,670,Miscellaneous mental health disorders,10
F652,670,Miscellaneous mental health disorders,10
F653,670,Miscellaneous mental health disorders,10
F654,670,Miscellaneous mental health disorders,10
F659,670,Miscellaneous mental health disorders,10
F688,670,Miscellaneous mental health disorders,10
F69,658,Personality disorders,10
F800,654,Developmental disorders,10
F801,654,Developmental disorders,10
F802,654,Developmental disorders,10
F809,654,Developmental disorders,10
F810,654,Developmental disorders,10
F812,654,Developmental disorders,10
F819,654,Developmental disorders,10
F82,654,Developmental disorders,10
F840,655,Disorders usually diagnosed in infancy childhood or adolescence,10
F842,655,Disorders usually diagnosed in infancy childhood or adolescence,10
F843,655,Disorders usually diagnosed in infancy childhood or adolescence,10
F845,655,Disorders usually diagnosed in infancy childhood or adolescence,10
F848,655,Disorders usually diagnosed in infancy childhood or adolescence,10
F849,655,Disorders usually diagnosed in infancy childhood or adolescence,10
F88,654,Developmental disorders,10
F89,654,Developmental disorders,10
F900,652,Attention-deficit conduct and disruptive behavior disorders,10
F901,652,Attention-deficit conduct and disruptive behavior disorders,10
F908,652,Attention-deficit conduct and disruptive behavior disorders,10
F909,652,Attention-deficit conduct and disruptive behavior disorders,10
F910,652,Attention-deficit conduct and disruptive behavior disorders,10
F911,652,Attention-deficit conduct and disruptive behavior disorders,10
F912,652,Attention-deficit conduct and disruptive behavior disorders,10
F913,652,Attention-deficit conduct and disruptive behavior disorders,10
F918,652,Attention-deficit conduct and disruptive behavior disorders,10
F919,652,Attention-deficit conduct and disruptive behavior disorders,10
F930,655,Disorders usually diagnosed in infancy childhood or adolescence,10
F938,655,Disorders usually diagnosed in infancy childhood or adolescence,10
F939,655,Disorders usually diagnosed in infancy childhood or adolescence,10
F940,655,Disorders usually diagnosed in infancy childhood or adolescence,10
F941,655,Disorders usually diagnosed in infancy childhood or adolescence,10
F942,655,Disorders usually diagnosed in infancy childhood or adolescence,10
F948,655,Disorders usually diagnosed in infancy childhood or adolescence,10
F949,655,Disorders usually diagnosed in infancy childhood or adolescence,10
F950,655,Disorders usually diagnosed in infancy childhood or adolescence,10
F951,655,Disorders usually diagnosed in infancy childhood or adolescence,10
F952,655,Disorders usually diagnosed in infancy childhood or adolescence,10
F958,655,Disorders usually diagnosed in infancy childhood or adolescence,10
F959,655,Disorders usually diagnosed in infancy childhood or adolescence,10
F980,655,Disorders usually diagnosed in infancy childhood or adolescence,10
F981,655,Disorders usually diagnosed in infancy childhood or adolescence,10
F983,655,Disorders usually diagnosed in infancy childhood or adolescence,10
F984,655,Disorders usually diagnosed in infancy childhood or adolescence,10
F985,654,Developmental disorders,10
F988,655,Disorders usually diagnosed in infancy childhood or adolescence,10
F989,655,Disorders usually diagnosed in infancy childhood or adolescence,10
F99,670,Miscellaneous mental health disorders,10
F010,653,Delirium dementia and amnestic and other cognitive disorders,10
F011,653,Delirium dementia and amnestic and other cognitive disorders,10
F012,653,Delirium dementia and amnestic and other cognitive disorders,10
F013,653,Delirium dementia and amnestic and other cognitive disorders,10
F018,653,Delirium dementia and amnestic and other cognitive disorders,10
F019,653,Delirium dementia and amnestic and other cognitive disorders,10
F020,653,Delirium dementia and amnestic and other cognitive disorders,10
F021,653,Delirium dementia and amnestic and other cognitive disorders,10
F022,653,Delirium dementia and amnestic and other cognitive disorders,10
F023,653,Delirium dementia and amnestic and other cognitive disorders,10
F024,653,Delirium dementia and amnestic and other cognitive disorders,10
F028,653,Delirium dementia and amnestic and other cognitive disorders,10
F03,653,Delirium dementia and amnestic and other cognitive disorders,10
F050,653,Delirium dementia and amnestic and other cognitive disorders,10
F051,653,Delirium dementia and amnestic and other cognitive disorders,10
F058,653,Delirium dementia and amnestic and other cognitive disorders,10
F059,653,Delirium dementia and amnestic and other cognitive disorders,10
F071,653,Delirium dementia and amnestic and other cognitive disorders,10
F072,653,Delirium dementia and amnestic and other cognitive disorders,10
F078,653,Delirium dementia and amnestic and other cognitive disorders,10
F100,660,Alcohol-related disorders,10
F101,660,Alcohol-related disorders,10
F102,660,Alcohol-related disorders,10
F103,660,Alcohol-related disorders,10
F104,660,Alcohol-related disorders,10
F105,660,Alcohol-related disorders,10
F106,660,Alcohol-related disorders,10
F107,660,Alcohol-related disorders,10
F108,660,Alcohol-related disorders,10
F109,660,Alcohol-related disorders,10
F110,661,Substance-related disorders,10
F111,661,Substance-related disorders,10
F112,661,Substance-related disorders,10
F113,661,Substance-related disorders,10
F114,661,Substance-related disorders,10
F115,661,Substance-related disorders,10
F116,661,Substance-related disorders,10
F117,661,Substance-related disorders,10
F118,661,Substance-related disorders,10
F119,661,Substance-related disorders,10
F120,661,Substance-related disorders,10
F121,661,Substance-related disorders,10
F122,661,Substance-related disorders,10
F123,661,Substance-related disorders,10
F124,661,Substance-related disorders,10
F125,661,Substance-related disorders,10
F126,661,Substance-related disorders,10
F127,661,Substance-related disorders,10
F128,661,Substance-related disorders,10
F129,661,Substance-related disorders,10
F130,661,Substance-related disorders,10
F131,661,Substance-related disorders,10
F132,661,Substance-related disorders,10
F133,661,Substance-related disorders,10
F134,661,Substance-related disorders,10
F135,661,Substance-related disorders,10
F136,661,Substance-related disorders,10
F137,661,Substance-related disorders,10
F138,661,Substance-related disorders,10
F139,661,Substance-related disorders,10
F140,661,Substance-related disorders,10
F141,661,Substance-related disorders,10
F142,661,Substance-related disorders,10
F143,661,Substance-related disorders,10
F144,661,Substance-related disorders,10
F145,661,Substance-related disorders,10
F146,661,Substance-related disorders,10
F147,661,Substance-related disorders,10
F148,661,Substance-related disorders,10
F149,661,Substance-related disorders,10
F150,661,Substance-related disorders,10
F151,661,Substance-related disorders,10
F152,661,Substance-related disorders,10
F153,661,Substance-related disorders,10
F154,661,Substance-related disorders,10
F155,661,Substance-related disorders,10
F156,661,Substance-related disorders,10
F157,661,Substance-related disorders,10
F158,661,Substance-related disorders,10
F159,661,Substance-related disorders,10
F160,661,Substance-related disorders,10
F161,661,Substance-related disorders,10
F162,661,Substance-related disorders,10
F163,661,Substance-related disorders,10
F164,661,Substance-related disorders,10
F165,661,Substance-related disorders,10
F166,661,Substance-related disorders,10
F167,661,Substance-related disorders,10
F168,661,Substance-related disorders,10
F169,661,Substance-related disorders,10
F170,661,Substance-related disorders,10
F171,661,Substance-related disorders,10
F172,661,Substance-related disorders,10
F173,661,Substance-related disorders,10
F174,661,Substance-related disorders,10
F175,661,Substance-related disorders,10
F176,661,Substance-related disorders,10
F177,661,Substance-related disorders,10
F178,661,Substance-related disorders,10
F179,661,Substance-related disorders,10
F180,661,Substance-related disorders,10
F181,661,Substance-related disorders,10
F182,661,Substance-related disorders,10
F183,661,Substance-related disorders,10
F184,661,Substance-related disorders,10
F185,661,Substance-related disorders,10
F186,661,Substance-related disorders,10
F187,661,Substance-related disorders,10
F188,661,Substance-related disorders,10
F189,661,Substance-related disorders,10
F190,661,Substance-related disorders,10
F191,661,Substance-related disorders,10
F192,661,Substance-related disorders,10
F193,661,Substance-related disorders,10
F194,661,Substance-related disorders,10
F195,661,Substance-related disorders,10
F196,661,Substance-related disorders,10
F197,661,Substance-related disorders,10
F198,661,Substance-related disorders,10
F199,661,Substance-related disorders,10
F204,659,Schizophrenia and other psychotic disorders,10
F206,659,Schizophrenia and other psychotic disorders,10
F208,659,Schizophrenia and other psychotic disorders,10
F220,659,Schizophrenia and other psychotic disorders,10
F228,659,Schizophrenia and other psychotic disorders,10
F229,659,Schizophrenia and other psychotic disorders,10
F230,659,Schizophrenia and other psychotic disorders,10
F231,659,Schizophrenia and other psychotic disorders,10
F232,659,Schizophrenia and other psychotic disorders,10
F233,659,Schizophrenia and other psychotic disorders,10
F238,659,Schizophrenia and other psychotic disorders,10
F239,659,Schizophrenia and other psychotic disorders,10
F252,659,Schizophrenia and other psychotic disorders,10
F300,657,Mood disorders,10
F301,657,Mood disorders,10
F311,657,Mood disorders,10
F313,657,Mood disorders,10
F316,657,Mood disorders,10
F317,657,Mood disorders,10
F318,657,Mood disorders,10
F334,657,Mood disorders,10
F400,651,Anxiety disorders,10
F401,651,Anxiety disorders,10
F402,651,Anxiety disorders,10
F412,651,Anxiety disorders,10
F420,651,Anxiety disorders,10
F421,651,Anxiety disorders,10
F443,670,Miscellaneous mental health disorders,10
F448,670,Miscellaneous mental health disorders,10
F452,670,Miscellaneous mental health disorders,10
F453,670,Miscellaneous mental health disorders,10
F454,670,Miscellaneous mental health disorders,10
F500,670,Miscellaneous mental health disorders,10
F501,670,Miscellaneous mental health disorders,10
F503,670,Miscellaneous mental health disorders,10
F504,670,Miscellaneous mental health disorders,10
F505,670,Miscellaneous mental health disorders,10
F510,670,Miscellaneous mental health disorders,10
F511,670,Miscellaneous mental health disorders,10
F512,670,Miscellaneous mental health disorders,10
F522,670,Miscellaneous mental health disorders,10
F523,670,Miscellaneous mental health disorders,10
F527,670,Miscellaneous mental health disorders,10
F538,670,Miscellaneous mental health disorders,10
F539,670,Miscellaneous mental health disorders,10
F55,661,Substance-related disorders,10
F608,658,Personality disorders,10
F638,656,Impulse control disorders NEC,10
F655,670,Miscellaneous mental health disorders,10
F656,670,Miscellaneous mental health disorders,10
F658,670,Miscellaneous mental health disorders,10
F660,670,Miscellaneous mental health disorders,10
F661,670,Miscellaneous mental health disorders,10
F662,670,Miscellaneous mental health disorders,10
F668,670,Miscellaneous mental health disorders,10
F669,670,Miscellaneous mental health disorders,10
F680,670,Miscellaneous mental health disorders,10
F681,670,Miscellaneous mental health disorders,10
F700,654,Developmental disorders,10
F701,654,Developmental disorders,10
F708,654,Developmental disorders,10
F709,654,Developmental disorders,10
F710,654,Developmental disorders,10
F711,654,Developmental disorders,10
F718,654,Developmental disorders,10
F719,654,Developmental disorders,10
F720,654,Developmental disorders,10
F721,654,Developmental disorders,10
F728,654,Developmental disorders,10
F729,654,Developmental disorders,10
F730,654,Developmental disorders,10
F731,654,Developmental disorders,10
F738,654,Developmental disorders,10
F739,654,Developmental disorders,10
F780,654,Developmental disorders,10
F781,654,Developmental disorders,10
F788,654,Developmental disorders,10
F789,654,Developmental disorders,10
F790,654,Developmental disorders,10
F791,654,Developmental disorders,10
F798,654,Developmental disorders,10
F799,654,Developmental disorders,10
F803,654,Developmental disorders,10
F808,654,Developmental disorders,10
F811,654,Developmental disorders,10
F813,654,Developmental disorders,10
F818,654,Developmental disorders,10
F841,655,Disorders usually diagnosed in infancy childhood or adolescence,10
F844,655,Disorders usually diagnosed in infancy childhood or adolescence,10
F931,655,Disorders usually diagnosed in infancy childhood or adolescence,10
F932,655,Disorders usually diagnosed in infancy childhood or adolescence,10
F933,655,Disorders usually diagnosed in infancy childhood or adolescence,10
F000,653,Delirium dementia and amnestic and other cognitive disorders,10
F001,653,Delirium dementia and amnestic and other cognitive disorders,10
F002,653,Delirium dementia and amnestic and other cognitive disorders,10
F009,653,Delirium dementia and amnestic and other cognitive disorders,10
F063,657,Mood disorders,10
F065,659,Schizophrenia and other psychotic disorders,10
F066,657,Mood disorders,10
F067,653,Delirium dementia and amnestic and other cognitive disorders,10
F069,670,Miscellaneous mental health disorders,10
F380,657,Mood disorders,10
F381,657,Mood disorders,10
F388,657,Mood disorders,10
F431,651,Anxiety disorders,10
F432,650,Adjustment disorders,10
F480,670,Miscellaneous mental health disorders,10
F61,658,Personality disorders,10
F620,658,Personality disorders,10
F621,658,Personality disorders,10
F628,658,Personality disorders,10
F629,658,Personality disorders,10
F83,654,Developmental disorders,10
F920,670,Miscellaneous mental health disorders,10
F928,670,Miscellaneous mental health disorders,10
F929,670,Miscellaneous mental health disorders,10
F982,655,Disorders usually diagnosed in infancy childhood or adolescence,10
F986,655,Disorders usually diagnosed in infancy childhood or adolescence,10
R452,651,Anxiety disorders,10
R453,651,Anxiety disorders,10
R454,651,Anxiety disorders,10
R455,651,Anxiety disorders,10
R456,651,Anxiety disorders,10
R457,651,Anxiety disorders,10
R460,652,Attention-deficit conduct and disruptive behavior disorders,10
R461,652,Attention-deficit conduct and disruptive behavior disorders,10
R462,652,Attention-deficit conduct and disruptive behavior disorders,10
R463,652,Attention-deficit conduct and disruptive behavior disorders,10
R464,652,Attention-deficit conduct and disruptive behavior disorders,10
R465,652,Attention-deficit conduct and disruptive behavior disorders,10
R466,652,Attention-deficit conduct and disruptive behavior disorders,10
R467,652,Attention-deficit conduct and disruptive behavior disorders,10
R468,652,Attention-deficit conduct and disruptive behavior disorders,10
G300,653,Delirium dementia and amnestic and other cognitive disorders,10
G301,653,Delirium dementia and amnestic and other cognitive disorders,10
G308,653,Delirium dementia and amnestic and other cognitive disorders,10
G309,653,Delirium dementia and amnestic and other cognitive disorders,10
G310,653,Delirium dementia and amnestic and other cognitive disorders,10
G311,653,Delirium dementia and amnestic and other cognitive disorders,10
G318,653,Delirium dementia and amnestic and other cognitive disorders,10
R54,653,Delirium dementia and amnestic and other cognitive disorders,10
R480,654,Developmental disorders,10
G621,660,Alcohol-related disorders,10
I426,660,Alcohol-related disorders,10
K292,660,Alcohol-related disorders,10
K700,660,Alcohol-related disorders,10
K701,660,Alcohol-related disorders,10
K702,660,Alcohol-related disorders,10
K703,660,Alcohol-related disorders,10
K704,660,Alcohol-related disorders,10
K709,660,Alcohol-related disorders,10
P043,660,Alcohol-related disorders,10
Q860,660,Alcohol-related disorders,10
O355,661,Substance-related disorders,10
P044,661,Substance-related disorders,10
P961,661,Substance-related disorders,10
P962,661,Substance-related disorders,10
Z915,662,Suicide and intentional self-inflicted injury,10
R780,663,Screening and history of mental health and substance abuse codes,10
R781,663,Screening and history of mental health and substance abuse codes,10
R782,663,Screening and history of mental health and substance abuse codes,10
R783,663,Screening and history of mental health and substance abuse codes,10
R784,663,Screening and history of mental health and substance abuse codes,10
R785,663,Screening and history of mental health and substance abuse codes,10
R786,663,Screening and history of mental health and substance abuse codes,10
Z046,663,Screening and history of mental health and substance abuse codes,10
Z133,663,Screening and history of mental health and substance abuse codes,10
Z134,663,Screening and history of mental health and substance abuse codes,10
Z728,663,Screening and history of mental health and substance abuse codes,10
Z865,663,Screening and history of mental health and substance abuse codes,10
Z914,663,Screening and history of mental health and substance abuse codes,10
O993,670,Miscellaneous mental health disorders,10
Z918,670,Miscellaneous mental health disorders,10
R458,663,Screening and history of mental health and substance abuse codes,10
Y872,671,Events of undetermined intent,10
Y870,662,Suicide and intentional self-inflicted injury,10
F1001,660,Alcohol-related disorders,10
F1031,660,Alcohol-related disorders,10
F1040,660,Alcohol-related disorders,10
F1005,660,Alcohol-related disorders,10
F1000,660,Alcohol-related disorders,10
F69X,658,Personality disorders,10
F03X,653,Delirium dementia and amnestic and other cognitive disorders,10
F29X,659,Schizophrenia and other psychotic disorders,10
F1030,660,Alcohol-related disorders,10
F1025,660,Alcohol-related disorders,10
F1006,660,Alcohol-related disorders,10
F1002,660,Alcohol-related disorders,10
F89X,654,Developmental disorders,10
F39X,657,Mood disorders,10
F1041,660,Alcohol-related disorders,10
F1024,660,Alcohol-related disorders,10
F1130,661,Substance-related disorders,10
F1300,661,Substance-related disorders,10
F1003,660,Alcohol-related disorders,10
F55X,661,Substance-related disorders,10
F1421,661,Substance-related disorders,10
F1503,661,Substance-related disorders,10
F1050,660,Alcohol-related disorders,10
F4530,670,Miscellaneous mental health disorders,10
F1331,661,Substance-related disorders,10
F1924,661,Substance-related disorders,10
F28X,659,Schizophrenia and other psychotic disorders,10
F1020,660,Alcohol-related disorders,10
F1122,661,Substance-related disorders,10
F99X,670,Miscellaneous mental health disorders,10
F2098,659,Schizophrenia and other psychotic disorders,10
F1102,661,Substance-related disorders,10
F1302,661,Substance-related disorders,10
F83X,654,Developmental disorders,10
F59X,670,Miscellaneous mental health disorders,10
F04X,653,Delirium dementia and amnestic and other cognitive disorders,10
F1925,661,Substance-related disorders,10
F1125,661,Substance-related disorders,10
F1920,661,Substance-related disorders,10
F1922,661,Substance-related disorders,10
F1124,661,Substance-related disorders,10
F2090,659,Schizophrenia and other psychotic disorders,10
F1225,661,Substance-related disorders,10
F1224,661,Substance-related disorders,10
F1222,661,Substance-related disorders,10
F1923,661,Substance-related disorders,10
F1022,660,Alcohol-related disorders,10
F1121,661,Substance-related disorders,10
F1103,661,Substance-related disorders,10
F1921,661,Substance-related disorders,10
F1621,661,Substance-related disorders,10
F61X,658,Personality disorders,10
F1631,661,Substance-related disorders,10
F1021,660,Alcohol-related disorders,10
F6031,658,Personality disorders,10
F09X,653,Delirium dementia and amnestic and other cognitive disorders,10
F2321,659,Schizophrenia and other psychotic disorders,10
F1622,661,Substance-related disorders,10
F1123,661,Substance-related disorders,10
F3200,657,Mood disorders,10
F2000,659,Schizophrenia and other psychotic disorders,10
F1101,661,Substance-related disorders,10
F1900,661,Substance-related disorders,10
F1402,661,Substance-related disorders,10
F1120,661,Substance-related disorders,10
F555,661,Substance-related disorders,10
F1126,661,Substance-related disorders,10
F1325,661,Substance-related disorders,10
F2099,659,Schizophrenia and other psychotic disorders,10
F21X,659,Schizophrenia and other psychotic disorders,10
F1624,661,Substance-related disorders,10
F1201,661,Substance-related disorders,10
F1902,661,Substance-related disorders,10
F1401,661,Substance-related disorders,10
F1301,661,Substance-related disorders,10
F2095,659,Schizophrenia and other psychotic disorders,10
F1324,661,Substance-related disorders,10
F1722,661,Substance-related disorders,10
F1131,661,Substance-related disorders,10
F1424,661,Substance-related disorders,10
F2094,659,Schizophrenia and other psychotic disorders,10
F88X,654,Developmental disorders,10
F1953,661,Substance-related disorders,10
F3211,657,Mood disorders,10
F1950,661,Substance-related disorders,10
F4324,650,Adjustment disorders,10
F3210,657,Mood disorders,10
F2010,659,Schizophrenia and other psychotic disorders,10
F2002,659,Schizophrenia and other psychotic disorders,10
F4321,650,Adjustment disorders,10
F4323,650,Adjustment disorders,10
F4325,650,Adjustment disorders,10
F3131,657,Mood disorders,10
F1023,660,Alcohol-related disorders,10
F4322,650,Adjustment disorders,10
F3810,657,Mood disorders,10
F1251,661,Substance-related disorders,10
F6030,658,Personality disorders,10
F2003,659,Schizophrenia and other psychotic disorders,10
F1572,661,Substance-related disorders,10
F1956,661,Substance-related disorders,10
F4320,650,Adjustment disorders,10
F3311,657,Mood disorders,10
F1955,661,Substance-related disorders,10
F3310,657,Mood disorders,10
F3201,657,Mood disorders,10
F1975,661,Substance-related disorders,10
F2009,659,Schizophrenia and other psychotic disorders,10
F1252,661,Substance-related disorders,10
F1052,660,Alcohol-related disorders,10
F1521,661,Substance-related disorders,10
F2004,659,Schizophrenia and other psychotic disorders,10
F1904,661,Substance-related disorders,10
F1150,661,Substance-related disorders,10
F1903,661,Substance-related disorders,10
F1340,661,Substance-related disorders,10
F1905,661,Substance-related disorders,10
F1541,661,Substance-related disorders,10
F1930,661,Substance-related disorders,10
F1650,661,Substance-related disorders,10
F2005,659,Schizophrenia and other psychotic disorders,10
F2320,659,Schizophrenia and other psychotic disorders,10
F1952,661,Substance-related disorders,10
F2001,659,Schizophrenia and other psychotic disorders,10
F1951,661,Substance-related disorders,10
F1250,661,Substance-related disorders,10
F1604,661,Substance-related disorders,10
F3130,657,Mood disorders,10
F1026,660,Alcohol-related disorders,10
F610,658,Personality disorders,10
F1156,661,Substance-related disorders,10
F1552,661,Substance-related disorders,10
F2030,659,Schizophrenia and other psychotic disorders,10
F1806,661,Substance-related disorders,10
F1820,661,Substance-related disorders,10
F1504,661,Substance-related disorders,10
F24X,659,Schizophrenia and other psychotic disorders,10
F1954,661,Substance-related disorders,10
F3301,657,Mood disorders,10
F1550,661,Substance-related disorders,10
F2311,659,Schizophrenia and other psychotic disorders,10
F1051,660,Alcohol-related disorders,10
F1926,661,Substance-related disorders,10
F1053,660,Alcohol-related disorders,10
F1556,661,Substance-related disorders,10
F1155,661,Substance-related disorders,10
F1256,661,Substance-related disorders,10
F1204,661,Substance-related disorders,10
F1255,661,Substance-related disorders,10
F4000,651,Anxiety disorders,10
F3800,657,Mood disorders,10
F550,661,Substance-related disorders,10
F2391,659,Schizophrenia and other psychotic disorders,10
F2011,659,Schizophrenia and other psychotic disorders,10
F1901,661,Substance-related disorders,10
F1551,661,Substance-related disorders,10
F2060,659,Schizophrenia and other psychotic disorders,10
F1652,661,Substance-related disorders,10
F1850,661,Substance-related disorders,10
F1322,661,Substance-related disorders,10
F4328,650,Adjustment disorders,10
F1221,661,Substance-related disorders,10
F552,661,Substance-related disorders,10
F1226,661,Substance-related disorders,10
F1430,661,Substance-related disorders,10
F6691,670,Miscellaneous mental health disorders,10
F4488,670,Miscellaneous mental health disorders,10
F1200,661,Substance-related disorders,10
F1520,661,Substance-related disorders,10
F2381,659,Schizophrenia and other psychotic disorders,10
F1151,661,Substance-related disorders,10
F1152,661,Substance-related disorders,10
F2310,659,Schizophrenia and other psychotic disorders,10
F2380,659,Schizophrenia and other psychotic disorders,10
F2093,659,Schizophrenia and other psychotic disorders,10
F3300,657,Mood disorders,10
29530,659,Schizophrenia and other psychotic disorders,9
29503,659,Schizophrenia and other psychotic disorders,9
F1554,661,Substance-related disorders,10
F1575,661,Substance-related disorders,10
F1320,661,Substance-related disorders,10
F1555,661,Substance-related disorders,10
F1524,661,Substance-related disorders,10
29700,659,Schizophrenia and other psychotic disorders,9
F0090,653,Delirium dementia and amnestic and other cognitive disorders,10
F4533,670,Miscellaneous mental health disorders,10
F551,661,Substance-related disorders,10
F1007,660,Alcohol-related disorders,10
F0280,653,Delirium dementia and amnestic and other cognitive disorders,10
F1725,661,Substance-related disorders,10
F1721,661,Substance-related disorders,10
F0630,657,Mood disorders,10
F4001,651,Anxiety disorders,10
F1971,661,Substance-related disorders,10
F1056,660,Alcohol-related disorders,10
30172,658,Personality disorders,9
30100,658,Personality disorders,9
F1054,660,Alcohol-related disorders,10
R54X,653,Delirium dementia and amnestic and other cognitive disorders,10
V119,663,Screening and history of mental health and substance abuse codes,9
X6299,662,Suicide and intentional self-inflicted injury,10
X7018,662,Suicide and intentional self-inflicted injury,10
Y2899,671,Events of undetermined intent,10
X6999,662,Suicide and intentional self-inflicted injury,10
X619,662,Suicide and intentional self-inflicted injury,10
X640,662,Suicide and intentional self-inflicted injury,10
X649,662,Suicide and intentional self-inflicted injury,10
X609,662,Suicide and intentional self-inflicted injury,10
X600,662,Suicide and intentional self-inflicted injury,10
X610,662,Suicide and intentional self-inflicted injury,10
X620,662,Suicide and intentional self-inflicted injury,10
X789,662,Suicide and intentional self-inflicted injury,10
X639,662,Suicide and intentional self-inflicted injury,10
X659,662,Suicide and intentional self-inflicted injury,10
X650,662,Suicide and intentional self-inflicted injury,10
X618,662,Suicide and intentional self-inflicted injury,10
X708,662,Suicide and intentional self-inflicted injury,10
X6180,662,Suicide and intentional self-inflicted injury,10
X6090,662,Suicide and intentional self-inflicted injury,10
X6000,662,Suicide and intentional self-inflicted injury,10
X760,662,Suicide and intentional self-inflicted injury,10
Y349,671,Events of undetermined intent,10
Y110,671,Events of undetermined intent,10
