"qualifying_code","condition","entry_index","exclusion_index","exclude_if_any"
"054.1","Genital herpes",1,3,"771.2"
"098","Gonococcal infection",2,4,"098.4"
"098","Gonococcal infection",2,5,"771.6"
"922.4","Contusion of genital organs",3,10,"E800"
"922.4","Contusion of genital organs",3,10,"E801"
"922.4","Contusion of genital organs",3,10,"E802"
"922.4","Contusion of genital organs",3,10,"E803"
"922.4","Contusion of genital organs",3,10,"E804"
"922.4","Contusion of genital organs",3,10,"E805"
"922.4","Contusion of genital organs",3,10,"E806"
"922.4","Contusion of genital organs",3,10,"E807"
"922.4","Contusion of genital organs",3,10,"E808"
"922.4","Contusion of genital organs",3,10,"E809"
"922.4","Contusion of genital organs",3,10,"E810"
"922.4","Contusion of genital organs",3,10,"E811"
"922.4","Contusion of genital organs",3,10,"E812"
"922.4","Contusion of genital organs",3,10,"E813"
"922.4","Contusion of genital organs",3,10,"E814"
"922.4","Contusion of genital organs",3,10,"E815"
"922.4","Contusion of genital organs",3,10,"E816"
"922.4","Contusion of genital organs",3,10,"E817"
"922.4","Contusion of genital organs",3,10,"E818"
"922.4","Contusion of genital organs",3,10,"E819"
"922.4","Contusion of genital organs",3,9,"286"
"922.4","Contusion of genital organs",3,9,"287"
"362.81","Retinal hemorrhage",4,14,"E810.1"
"362.81","Retinal hemorrhage",4,14,"E810.2"
"362.81","Retinal hemorrhage",4,14,"E810.3"
"362.81","Retinal hemorrhage",4,14,"E810.4"
"362.81","Retinal hemorrhage",4,14,"E810.5"
"362.81","Retinal hemorrhage",4,14,"E810.8"
"362.81","Retinal hemorrhage",4,14,"E810.9"
"362.81","Retinal hemorrhage",4,14,"E811.1"
"362.81","Retinal hemorrhage",4,14,"E811.2"
"362.81","Retinal hemorrhage",4,14,"E811.3"
"362.81","Retinal hemorrhage",4,14,"E811.4"
"362.81","Retinal hemorrhage",4,14,"E811.5"
"362.81","Retinal hemorrhage",4,14,"E811.8"
"362.81","Retinal hemorrhage",4,14,"E811.9"
"362.81","Retinal hemorrhage",4,14,"E812.1"
"362.81","Retinal hemorrhage",4,14,"E812.2"
"362.81","Retinal hemorrhage",4,14,"E812.3"
"362.81","Retinal hemorrhage",4,14,"E812.4"
"362.81","Retinal hemorrhage",4,14,"E812.5"
"362.81","Retinal hemorrhage",4,14,"E812.8"
"362.81","Retinal hemorrhage",4,14,"E812.9"
"362.81","Retinal hemorrhage",4,14,"E813.1"
"362.81","Retinal hemorrhage",4,14,"E813.2"
"362.81","Retinal hemorrhage",4,14,"E813.3"
"362.81","Retinal hemorrhage",4,14,"E813.4"
"362.81","Retinal hemorrhage",4,14,"E813.5"
"362.81","Retinal hemorrhage",4,14,"E813.8"
"362.81","Retinal hemorrhage",4,14,"E813.9"
"362.81","Retinal hemorrhage",4,14,"E815.1"
"362.81","Retinal hemorrhage",4,14,"E815.2"
"362.81","Retinal hemorrhage",4,14,"E815.3"
"362.81","Retinal hemorrhage",4,14,"E815.4"
"362.81","Retinal hemorrhage",4,14,"E815.5"
"362.81","Retinal hemorrhage",4,14,"E815.8"
"362.81","Retinal hemorrhage",4,14,"E815.9"
"362.81","Retinal hemorrhage",4,14,"E816.1"
"362.81","Retinal hemorrhage",4,14,"E816.2"
"362.81","Retinal hemorrhage",4,14,"E816.3"
"362.81","Retinal hemorrhage",4,14,"E816.4"
"362.81","Retinal hemorrhage",4,14,"E816.5"
"362.81","Retinal hemorrhage",4,14,"E816.8"
"362.81","Retinal hemorrhage",4,14,"E816.9"
"362.81","Retinal hemorrhage",4,14,"E817.1"
"362.81","Retinal hemorrhage",4,14,"E817.2"
"362.81","Retinal hemorrhage",4,14,"E817.3"
"362.81","Retinal hemorrhage",4,14,"E817.4"
"362.81","Retinal hemorrhage",4,14,"E817.5"
"362.81","Retinal hemorrhage",4,14,"E817.8"
"362.81","Retinal hemorrhage",4,14,"E817.9"
"362.81","Retinal hemorrhage",4,14,"E818.1"
"362.81","Retinal hemorrhage",4,14,"E818.2"
"362.81","Retinal hemorrhage",4,14,"E818.3"
"362.81","Retinal hemorrhage",4,14,"E818.4"
"362.81","Retinal hemorrhage",4,14,"E818.5"
"362.81","Retinal hemorrhage",4,14,"E818.8"
"362.81","Retinal hemorrhage",4,14,"E818.9"
"362.81","Retinal hemorrhage",4,14,"E819.1"
"362.81","Retinal hemorrhage",4,14,"E819.2"
"362.81","Retinal hemorrhage",4,14,"E819.3"
"362.81","Retinal hemorrhage",4,14,"E819.4"
"362.81","Retinal hemorrhage",4,14,"E819.5"
"362.81","Retinal hemorrhage",4,14,"E819.8"
"362.81","Retinal hemorrhage",4,14,"E819.9"
"362.81","Retinal hemorrhage",4,9,"286"
"362.81","Retinal hemorrhage",4,9,"287"
"807.0","Rib fracture",5,14,"E810.1"
"807.0","Rib fracture",5,14,"E810.2"
"807.0","Rib fracture",5,14,"E810.3"
"807.0","Rib fracture",5,14,"E810.4"
"807.0","Rib fracture",5,14,"E810.5"
"807.0","Rib fracture",5,14,"E810.8"
"807.0","Rib fracture",5,14,"E810.9"
"807.0","Rib fracture",5,14,"E811.1"
"807.0","Rib fracture",5,14,"E811.2"
"807.0","Rib fracture",5,14,"E811.3"
"807.0","Rib fracture",5,14,"E811.4"
"807.0","Rib fracture",5,14,"E811.5"
"807.0","Rib fracture",5,14,"E811.8"
"807.0","Rib fracture",5,14,"E811.9"
"807.0","Rib fracture",5,14,"E812.1"
"807.0","Rib fracture",5,14,"E812.2"
"807.0","Rib fracture",5,14,"E812.3"
"807.0","Rib fracture",5,14,"E812.4"
"807.0","Rib fracture",5,14,"E812.5"
"807.0","Rib fracture",5,14,"E812.8"
"807.0","Rib fracture",5,14,"E812.9"
"807.0","Rib fracture",5,14,"E813.1"
"807.0","Rib fracture",5,14,"E813.2"
"807.0","Rib fracture",5,14,"E813.3"
"807.0","Rib fracture",5,14,"E813.4"
"807.0","Rib fracture",5,14,"E813.5"
"807.0","Rib fracture",5,14,"E813.8"
"807.0","Rib fracture",5,14,"E813.9"
"807.0","Rib fracture",5,14,"E815.1"
"807.0","Rib fracture",5,14,"E815.2"
"807.0","Rib fracture",5,14,"E815.3"
"807.0","Rib fracture",5,14,"E815.4"
"807.0","Rib fracture",5,14,"E815.5"
"807.0","Rib fracture",5,14,"E815.8"
"807.0","Rib fracture",5,14,"E815.9"
"807.0","Rib fracture",5,14,"E816.1"
"807.0","Rib fracture",5,14,"E816.2"
"807.0","Rib fracture",5,14,"E816.3"
"807.0","Rib fracture",5,14,"E816.4"
"807.0","Rib fracture",5,14,"E816.5"
"807.0","Rib fracture",5,14,"E816.8"
"807.0","Rib fracture",5,14,"E816.9"
"807.0","Rib fracture",5,14,"E817.1"
"807.0","Rib fracture",5,14,"E817.2"
"807.0","Rib fracture",5,14,"E817.3"
"807.0","Rib fracture",5,14,"E817.4"
"807.0","Rib fracture",5,14,"E817.5"
"807.0","Rib fracture",5,14,"E817.8"
"807.0","Rib fracture",5,14,"E817.9"
"807.0","Rib fracture",5,14,"E818.1"
"807.0","Rib fracture",5,14,"E818.2"
"807.0","Rib fracture",5,14,"E818.3"
"807.0","Rib fracture",5,14,"E818.4"
"807.0","Rib fracture",5,14,"E818.5"
"807.0","Rib fracture",5,14,"E818.8"
"807.0","Rib fracture",5,14,"E818.9"
"807.0","Rib fracture",5,14,"E819.1"
"807.0","Rib fracture",5,14,"E819.2"
"807.0","Rib fracture",5,14,"E819.3"
"807.0","Rib fracture",5,14,"E819.4"
"807.0","Rib fracture",5,14,"E819.5"
"807.0","Rib fracture",5,14,"E819.8"
"807.0","Rib fracture",5,14,"E819.9"
"807.0","Rib fracture",5,6,"756.51"
"807.0","Rib fracture",5,1,"767"
"807.0","Rib fracture",5,13,"733.10"
"807.0","Rib fracture",5,13,"733.11"
"807.0","Rib fracture",5,13,"733.12"
"807.0","Rib fracture",5,13,"733.13"
"807.0","Rib fracture",5,13,"733.14"
"807.0","Rib fracture",5,13,"733.15"
"807.0","Rib fracture",5,13,"733.16"
"807.0","Rib fracture",5,13,"733.17"
"807.0","Rib fracture",5,13,"733.18"
"807.0","Rib fracture",5,13,"733.19"
"807.0","Rib fracture",5,2,"765"
"807.1","Rib fracture",5,14,"E810.1"
"807.1","Rib fracture",5,14,"E810.2"
"807.1","Rib fracture",5,14,"E810.3"
"807.1","Rib fracture",5,14,"E810.4"
"807.1","Rib fracture",5,14,"E810.5"
"807.1","Rib fracture",5,14,"E810.8"
"807.1","Rib fracture",5,14,"E810.9"
"807.1","Rib fracture",5,14,"E811.1"
"807.1","Rib fracture",5,14,"E811.2"
"807.1","Rib fracture",5,14,"E811.3"
"807.1","Rib fracture",5,14,"E811.4"
"807.1","Rib fracture",5,14,"E811.5"
"807.1","Rib fracture",5,14,"E811.8"
"807.1","Rib fracture",5,14,"E811.9"
"807.1","Rib fracture",5,14,"E812.1"
"807.1","Rib fracture",5,14,"E812.2"
"807.1","Rib fracture",5,14,"E812.3"
"807.1","Rib fracture",5,14,"E812.4"
"807.1","Rib fracture",5,14,"E812.5"
"807.1","Rib fracture",5,14,"E812.8"
"807.1","Rib fracture",5,14,"E812.9"
"807.1","Rib fracture",5,14,"E813.1"
"807.1","Rib fracture",5,14,"E813.2"
"807.1","Rib fracture",5,14,"E813.3"
"807.1","Rib fracture",5,14,"E813.4"
"807.1","Rib fracture",5,14,"E813.5"
"807.1","Rib fracture",5,14,"E813.8"
"807.1","Rib fracture",5,14,"E813.9"
"807.1","Rib fracture",5,14,"E815.1"
"807.1","Rib fracture",5,14,"E815.2"
"807.1","Rib fracture",5,14,"E815.3"
"807.1","Rib fracture",5,14,"E815.4"
"807.1","Rib fracture",5,14,"E815.5"
"807.1","Rib fracture",5,14,"E815.8"
"807.1","Rib fracture",5,14,"E815.9"
"807.1","Rib fracture",5,14,"E816.1"
"807.1","Rib fracture",5,14,"E816.2"
"807.1","Rib fracture",5,14,"E816.3"
"807.1","Rib fracture",5,14,"E816.4"
"807.1","Rib fracture",5,14,"E816.5"
"807.1","Rib fracture",5,14,"E816.8"
"807.1","Rib fracture",5,14,"E816.9"
"807.1","Rib fracture",5,14,"E817.1"
"807.1","Rib fracture",5,14,"E817.2"
"807.1","Rib fracture",5,14,"E817.3"
"807.1","Rib fracture",5,14,"E817.4"
"807.1","Rib fracture",5,14,"E817.5"
"807.1","Rib fracture",5,14,"E817.8"
"807.1","Rib fracture",5,14,"E817.9"
"807.1","Rib fracture",5,14,"E818.1"
"807.1","Rib fracture",5,14,"E818.2"
"807.1","Rib fracture",5,14,"E818.3"
"807.1","Rib fracture",5,14,"E818.4"
"807.1","Rib fracture",5,14,"E818.5"
"807.1","Rib fracture",5,14,"E818.8"
"807.1","Rib fracture",5,14,"E818.9"
"807.1","Rib fracture",5,14,"E819.1"
"807.1","Rib fracture",5,14,"E819.2"
"807.1","Rib fracture",5,14,"E819.3"
"807.1","Rib fracture",5,14,"E819.4"
"807.1","Rib fracture",5,14,"E819.5"
"807.1","Rib fracture",5,14,"E819.8"
"807.1","Rib fracture",5,14,"E819.9"
"807.1","Rib fracture",5,6,"756.51"
"807.1","Rib fracture",5,1,"767"
"807.1","Rib fracture",5,13,"733.10"
"807.1","Rib fracture",5,13,"733.11"
"807.1","Rib fracture",5,13,"733.12"
"807.1","Rib fracture",5,13,"733.13"
"807.1","Rib fracture",5,13,"733.14"
"807.1","Rib fracture",5,13,"733.15"
"807.1","Rib fracture",5,13,"733.16"
"807.1","Rib fracture",5,13,"733.17"
"807.1","Rib fracture",5,13,"733.18"
"807.1","Rib fracture",5,13,"733.19"
"807.1","Rib fracture",5,2,"765"
"811","Scapula fracture",6,14,"E810.1"
"811","Scapula fracture",6,14,"E810.2"
"811","Scapula fracture",6,14,"E810.3"
"811","Scapula fracture",6,14,"E810.4"
"811","Scapula fracture",6,14,"E810.5"
"811","Scapula fracture",6,14,"E810.8"
"811","Scapula fracture",6,14,"E810.9"
"811","Scapula fracture",6,14,"E811.1"
"811","Scapula fracture",6,14,"E811.2"
"811","Scapula fracture",6,14,"E811.3"
"811","Scapula fracture",6,14,"E811.4"
"811","Scapula fracture",6,14,"E811.5"
"811","Scapula fracture",6,14,"E811.8"
"811","Scapula fracture",6,14,"E811.9"
"811","Scapula fracture",6,14,"E812.1"
"811","Scapula fracture",6,14,"E812.2"
"811","Scapula fracture",6,14,"E812.3"
"811","Scapula fracture",6,14,"E812.4"
"811","Scapula fracture",6,14,"E812.5"
"811","Scapula fracture",6,14,"E812.8"
"811","Scapula fracture",6,14,"E812.9"
"811","Scapula fracture",6,14,"E813.1"
"811","Scapula fracture",6,14,"E813.2"
"811","Scapula fracture",6,14,"E813.3"
"811","Scapula fracture",6,14,"E813.4"
"811","Scapula fracture",6,14,"E813.5"
"811","Scapula fracture",6,14,"E813.8"
"811","Scapula fracture",6,14,"E813.9"
"811","Scapula fracture",6,14,"E815.1"
"811","Scapula fracture",6,14,"E815.2"
"811","Scapula fracture",6,14,"E815.3"
"811","Scapula fracture",6,14,"E815.4"
"811","Scapula fracture",6,14,"E815.5"
"811","Scapula fracture",6,14,"E815.8"
"811","Scapula fracture",6,14,"E815.9"
"811","Scapula fracture",6,14,"E816.1"
"811","Scapula fracture",6,14,"E816.2"
"811","Scapula fracture",6,14,"E816.3"
"811","Scapula fracture",6,14,"E816.4"
"811","Scapula fracture",6,14,"E816.5"
"811","Scapula fracture",6,14,"E816.8"
"811","Scapula fracture",6,14,"E816.9"
"811","Scapula fracture",6,14,"E817.1"
"811","Scapula fracture",6,14,"E817.2"
"811","Scapula fracture",6,14,"E817.3"
"811","Scapula fracture",6,14,"E817.4"
"811","Scapula fracture",6,14,"E817.5"
"811","Scapula fracture",6,14,"E817.8"
"811","Scapula fracture",6,14,"E817.9"
"811","Scapula fracture",6,14,"E818.1"
"811","Scapula fracture",6,14,"E818.2"
"811","Scapula fracture",6,14,"E818.3"
"811","Scapula fracture",6,14,"E818.4"
"811","Scapula fracture",6,14,"E818.5"
"811","Scapula fracture",6,14,"E818.8"
"811","Scapula fracture",6,14,"E818.9"
"811","Scapula fracture",6,14,"E819.1"
"811","Scapula fracture",6,14,"E819.2"
"811","Scapula fracture",6,14,"E819.3"
"811","Scapula fracture",6,14,"E819.4"
"811","Scapula fracture",6,14,"E819.5"
"811","Scapula fracture",6,14,"E819.8"
"811","Scapula fracture",6,14,"E819.9"
"811","Scapula fracture",6,6,"756.51"
"811","Scapula fracture",6,1,"767"
"811","Scapula fracture",6,13,"733.10"
"811","Scapula fracture",6,13,"733.11"
"811","Scapula fracture",6,13,"733.12"
"811","Scapula fracture",6,13,"733.13"
"811","Scapula fracture",6,13,"733.14"
"811","Scapula fracture",6,13,"733.15"
"811","Scapula fracture",6,13,"733.16"
"811","Scapula fracture",6,13,"733.17"
"811","Scapula fracture",6,13,"733.18"
"811","Scapula fracture",6,13,"733.19"
"811","Scapula fracture",6,2,"765"
"852.2","Traumatic subdural hemorrhage",7,14,"E810.1"
"852.2","Traumatic subdural hemorrhage",7,14,"E810.2"
"852.2","Traumatic subdural hemorrhage",7,14,"E810.3"
"852.2","Traumatic subdural hemorrhage",7,14,"E810.4"
"852.2","Traumatic subdural hemorrhage",7,14,"E810.5"
"852.2","Traumatic subdural hemorrhage",7,14,"E810.8"
"852.2","Traumatic subdural hemorrhage",7,14,"E810.9"
"852.2","Traumatic subdural hemorrhage",7,14,"E811.1"
"852.2","Traumatic subdural hemorrhage",7,14,"E811.2"
"852.2","Traumatic subdural hemorrhage",7,14,"E811.3"
"852.2","Traumatic subdural hemorrhage",7,14,"E811.4"
"852.2","Traumatic subdural hemorrhage",7,14,"E811.5"
"852.2","Traumatic subdural hemorrhage",7,14,"E811.8"
"852.2","Traumatic subdural hemorrhage",7,14,"E811.9"
"852.2","Traumatic subdural hemorrhage",7,14,"E812.1"
"852.2","Traumatic subdural hemorrhage",7,14,"E812.2"
"852.2","Traumatic subdural hemorrhage",7,14,"E812.3"
"852.2","Traumatic subdural hemorrhage",7,14,"E812.4"
"852.2","Traumatic subdural hemorrhage",7,14,"E812.5"
"852.2","Traumatic subdural hemorrhage",7,14,"E812.8"
"852.2","Traumatic subdural hemorrhage",7,14,"E812.9"
"852.2","Traumatic subdural hemorrhage",7,14,"E813.1"
"852.2","Traumatic subdural hemorrhage",7,14,"E813.2"
"852.2","Traumatic subdural hemorrhage",7,14,"E813.3"
"852.2","Traumatic subdural hemorrhage",7,14,"E813.4"
"852.2","Traumatic subdural hemorrhage",7,14,"E813.5"
"852.2","Traumatic subdural hemorrhage",7,14,"E813.8"
"852.2","Traumatic subdural hemorrhage",7,14,"E813.9"
"852.2","Traumatic subdural hemorrhage",7,14,"E815.1"
"852.2","Traumatic subdural hemorrhage",7,14,"E815.2"
"852.2","Traumatic subdural hemorrhage",7,14,"E815.3"
"852.2","Traumatic subdural hemorrhage",7,14,"E815.4"
"852.2","Traumatic subdural hemorrhage",7,14,"E815.5"
"852.2","Traumatic subdural hemorrhage",7,14,"E815.8"
"852.2","Traumatic subdural hemorrhage",7,14,"E815.9"
"852.2","Traumatic subdural hemorrhage",7,14,"E816.1"
"852.2","Traumatic subdural hemorrhage",7,14,"E816.2"
"852.2","Traumatic subdural hemorrhage",7,14,"E816.3"
"852.2","Traumatic subdural hemorrhage",7,14,"E816.4"
"852.2","Traumatic subdural hemorrhage",7,14,"E816.5"
"852.2","Traumatic subdural hemorrhage",7,14,"E816.8"
"852.2","Traumatic subdural hemorrhage",7,14,"E816.9"
"852.2","Traumatic subdural hemorrhage",7,14,"E817.1"
"852.2","Traumatic subdural hemorrhage",7,14,"E817.2"
"852.2","Traumatic subdural hemorrhage",7,14,"E817.3"
"852.2","Traumatic subdural hemorrhage",7,14,"E817.4"
"852.2","Traumatic subdural hemorrhage",7,14,"E817.5"
"852.2","Traumatic subdural hemorrhage",7,14,"E817.8"
"852.2","Traumatic subdural hemorrhage",7,14,"E817.9"
"852.2","Traumatic subdural hemorrhage",7,14,"E818.1"
"852.2","Traumatic subdural hemorrhage",7,14,"E818.2"
"852.2","Traumatic subdural hemorrhage",7,14,"E818.3"
"852.2","Traumatic subdural hemorrhage",7,14,"E818.4"
"852.2","Traumatic subdural hemorrhage",7,14,"E818.5"
"852.2","Traumatic subdural hemorrhage",7,14,"E818.8"
"852.2","Traumatic subdural hemorrhage",7,14,"E818.9"
"852.2","Traumatic subdural hemorrhage",7,14,"E819.1"
"852.2","Traumatic subdural hemorrhage",7,14,"E819.2"
"852.2","Traumatic subdural hemorrhage",7,14,"E819.3"
"852.2","Traumatic subdural hemorrhage",7,14,"E819.4"
"852.2","Traumatic subdural hemorrhage",7,14,"E819.5"
"852.2","Traumatic subdural hemorrhage",7,14,"E819.8"
"852.2","Traumatic subdural hemorrhage",7,14,"E819.9"
"852.2","Traumatic subdural hemorrhage",7,9,"286"
"852.2","Traumatic subdural hemorrhage",7,9,"287"
"853.0","Other/unspecified intracranial Hemorrhage",8,14,"E810.1"
"853.0","Other/unspecified intracranial Hemorrhage",8,14,"E810.2"
"853.0","Other/unspecified intracranial Hemorrhage",8,14,"E810.3"
"853.0","Other/unspecified intracranial Hemorrhage",8,14,"E810.4"
"853.0","Other/unspecified intracranial Hemorrhage",8,14,"E810.5"
"853.0","Other/unspecified intracranial Hemorrhage",8,14,"E810.8"
"853.0","Other/unspecified intracranial Hemorrhage",8,14,"E810.9"
"853.0","Other/unspecified intracranial Hemorrhage",8,14,"E811.1"
"853.0","Other/unspecified intracranial Hemorrhage",8,14,"E811.2"
"853.0","Other/unspecified intracranial Hemorrhage",8,14,"E811.3"
"853.0","Other/unspecified intracranial Hemorrhage",8,14,"E811.4"
"853.0","Other/unspecified intracranial Hemorrhage",8,14,"E811.5"
"853.0","Other/unspecified intracranial Hemorrhage",8,14,"E811.8"
"853.0","Other/unspecified intracranial Hemorrhage",8,14,"E811.9"
"853.0","Other/unspecified intracranial Hemorrhage",8,14,"E812.1"
"853.0","Other/unspecified intracranial Hemorrhage",8,14,"E812.2"
"853.0","Other/unspecified intracranial Hemorrhage",8,14,"E812.3"
"853.0","Other/unspecified intracranial Hemorrhage",8,14,"E812.4"
"853.0","Other/unspecified intracranial Hemorrhage",8,14,"E812.5"
"853.0","Other/unspecified intracranial Hemorrhage",8,14,"E812.8"
"853.0","Other/unspecified intracranial Hemorrhage",8,14,"E812.9"
"853.0","Other/unspecified intracranial Hemorrhage",8,14,"E813.1"
"853.0","Other/unspecified intracranial Hemorrhage",8,14,"E813.2"
"853.0","Other/unspecified intracranial Hemorrhage",8,14,"E813.3"
"853.0","Other/unspecified intracranial Hemorrhage",8,14,"E813.4"
"853.0","Other/unspecified intracranial Hemorrhage",8,14,"E813.5"
"853.0","Other/unspecified intracranial Hemorrhage",8,14,"E813.8"
"853.0","Other/unspecified intracranial Hemorrhage",8,14,"E813.9"
"853.0","Other/unspecified intracranial Hemorrhage",8,14,"E815.1"
"853.0","Other/unspecified intracranial Hemorrhage",8,14,"E815.2"
"853.0","Other/unspecified intracranial Hemorrhage",8,14,"E815.3"
"853.0","Other/unspecified intracranial Hemorrhage",8,14,"E815.4"
"853.0","Other/unspecified intracranial Hemorrhage",8,14,"E815.5"
"853.0","Other/unspecified intracranial Hemorrhage",8,14,"E815.8"
"853.0","Other/unspecified intracranial Hemorrhage",8,14,"E815.9"
"853.0","Other/unspecified intracranial Hemorrhage",8,14,"E816.1"
"853.0","Other/unspecified intracranial Hemorrhage",8,14,"E816.2"
"853.0","Other/unspecified intracranial Hemorrhage",8,14,"E816.3"
"853.0","Other/unspecified intracranial Hemorrhage",8,14,"E816.4"
"853.0","Other/unspecified intracranial Hemorrhage",8,14,"E816.5"
"853.0","Other/unspecified intracranial Hemorrhage",8,14,"E816.8"
"853.0","Other/unspecified intracranial Hemorrhage",8,14,"E816.9"
"853.0","Other/unspecified intracranial Hemorrhage",8,14,"E817.1"
"853.0","Other/unspecified intracranial Hemorrhage",8,14,"E817.2"
"853.0","Other/unspecified intracranial Hemorrhage",8,14,"E817.3"
"853.0","Other/unspecified intracranial Hemorrhage",8,14,"E817.4"
"853.0","Other/unspecified intracranial Hemorrhage",8,14,"E817.5"
"853.0","Other/unspecified intracranial Hemorrhage",8,14,"E817.8"
"853.0","Other/unspecified intracranial Hemorrhage",8,14,"E817.9"
"853.0","Other/unspecified intracranial Hemorrhage",8,14,"E818.1"
"853.0","Other/unspecified intracranial Hemorrhage",8,14,"E818.2"
"853.0","Other/unspecified intracranial Hemorrhage",8,14,"E818.3"
"853.0","Other/unspecified intracranial Hemorrhage",8,14,"E818.4"
"853.0","Other/unspecified intracranial Hemorrhage",8,14,"E818.5"
"853.0","Other/unspecified intracranial Hemorrhage",8,14,"E818.8"
"853.0","Other/unspecified intracranial Hemorrhage",8,14,"E818.9"
"853.0","Other/unspecified intracranial Hemorrhage",8,14,"E819.1"
"853.0","Other/unspecified intracranial Hemorrhage",8,14,"E819.2"
"853.0","Other/unspecified intracranial Hemorrhage",8,14,"E819.3"
"853.0","Other/unspecified intracranial Hemorrhage",8,14,"E819.4"
"853.0","Other/unspecified intracranial Hemorrhage",8,14,"E819.5"
"853.0","Other/unspecified intracranial Hemorrhage",8,14,"E819.8"
"853.0","Other/unspecified intracranial Hemorrhage",8,14,"E819.9"
"853.0","Other/unspecified intracranial Hemorrhage",8,9,"286"
"853.0","Other/unspecified intracranial Hemorrhage",8,9,"287"
"863.1","Stomach injury",9,14,"E810.1"
"863.1","Stomach injury",9,14,"E810.2"
"863.1","Stomach injury",9,14,"E810.3"
"863.1","Stomach injury",9,14,"E810.4"
"863.1","Stomach injury",9,14,"E810.5"
"863.1","Stomach injury",9,14,"E810.8"
"863.1","Stomach injury",9,14,"E810.9"
"863.1","Stomach injury",9,14,"E811.1"
"863.1","Stomach injury",9,14,"E811.2"
"863.1","Stomach injury",9,14,"E811.3"
"863.1","Stomach injury",9,14,"E811.4"
"863.1","Stomach injury",9,14,"E811.5"
"863.1","Stomach injury",9,14,"E811.8"
"863.1","Stomach injury",9,14,"E811.9"
"863.1","Stomach injury",9,14,"E812.1"
"863.1","Stomach injury",9,14,"E812.2"
"863.1","Stomach injury",9,14,"E812.3"
"863.1","Stomach injury",9,14,"E812.4"
"863.1","Stomach injury",9,14,"E812.5"
"863.1","Stomach injury",9,14,"E812.8"
"863.1","Stomach injury",9,14,"E812.9"
"863.1","Stomach injury",9,14,"E813.1"
"863.1","Stomach injury",9,14,"E813.2"
"863.1","Stomach injury",9,14,"E813.3"
"863.1","Stomach injury",9,14,"E813.4"
"863.1","Stomach injury",9,14,"E813.5"
"863.1","Stomach injury",9,14,"E813.8"
"863.1","Stomach injury",9,14,"E813.9"
"863.1","Stomach injury",9,14,"E815.1"
"863.1","Stomach injury",9,14,"E815.2"
"863.1","Stomach injury",9,14,"E815.3"
"863.1","Stomach injury",9,14,"E815.4"
"863.1","Stomach injury",9,14,"E815.5"
"863.1","Stomach injury",9,14,"E815.8"
"863.1","Stomach injury",9,14,"E815.9"
"863.1","Stomach injury",9,14,"E816.1"
"863.1","Stomach injury",9,14,"E816.2"
"863.1","Stomach injury",9,14,"E816.3"
"863.1","Stomach injury",9,14,"E816.4"
"863.1","Stomach injury",9,14,"E816.5"
"863.1","Stomach injury",9,14,"E816.8"
"863.1","Stomach injury",9,14,"E816.9"
"863.1","Stomach injury",9,14,"E817.1"
"863.1","Stomach injury",9,14,"E817.2"
"863.1","Stomach injury",9,14,"E817.3"
"863.1","Stomach injury",9,14,"E817.4"
"863.1","Stomach injury",9,14,"E817.5"
"863.1","Stomach injury",9,14,"E817.8"
"863.1","Stomach injury",9,14,"E817.9"
"863.1","Stomach injury",9,14,"E818.1"
"863.1","Stomach injury",9,14,"E818.2"
"863.1","Stomach injury",9,14,"E818.3"
"863.1","Stomach injury",9,14,"E818.4"
"863.1","Stomach injury",9,14,"E818.5"
"863.1","Stomach injury",9,14,"E818.8"
"863.1","Stomach injury",9,14,"E818.9"
"863.1","Stomach injury",9,14,"E819.1"
"863.1","Stomach injury",9,14,"E819.2"
"863.1","Stomach injury",9,14,"E819.3"
"863.1","Stomach injury",9,14,"E819.4"
"863.1","Stomach injury",9,14,"E819.5"
"863.1","Stomach injury",9,14,"E819.8"
"863.1","Stomach injury",9,14,"E819.9"
"E965","Assault",10,7,"E960.1"
"E965","Assault",10,8,"E968.4"
"E966","Assault",10,7,"E960.1"
"E966","Assault",10,8,"E968.4"
"E968.2","Assault",10,7,"E960.1"
"E968.2","Assault",10,8,"E968.4"
"E968.9","Assault, NOS",11,7,"E960.1"
"E968.9","Assault, NOS",11,8,"E968.4"
"800","Skull vault fracture",12,14,"E810.1"
"800","Skull vault fracture",12,14,"E810.2"
"800","Skull vault fracture",12,14,"E810.3"
"800","Skull vault fracture",12,14,"E810.4"
"800","Skull vault fracture",12,14,"E810.5"
"800","Skull vault fracture",12,14,"E810.8"
"800","Skull vault fracture",12,14,"E810.9"
"800","Skull vault fracture",12,14,"E811.1"
"800","Skull vault fracture",12,14,"E811.2"
"800","Skull vault fracture",12,14,"E811.3"
"800","Skull vault fracture",12,14,"E811.4"
"800","Skull vault fracture",12,14,"E811.5"
"800","Skull vault fracture",12,14,"E811.8"
"800","Skull vault fracture",12,14,"E811.9"
"800","Skull vault fracture",12,14,"E812.1"
"800","Skull vault fracture",12,14,"E812.2"
"800","Skull vault fracture",12,14,"E812.3"
"800","Skull vault fracture",12,14,"E812.4"
"800","Skull vault fracture",12,14,"E812.5"
"800","Skull vault fracture",12,14,"E812.8"
"800","Skull vault fracture",12,14,"E812.9"
"800","Skull vault fracture",12,14,"E813.1"
"800","Skull vault fracture",12,14,"E813.2"
"800","Skull vault fracture",12,14,"E813.3"
"800","Skull vault fracture",12,14,"E813.4"
"800","Skull vault fracture",12,14,"E813.5"
"800","Skull vault fracture",12,14,"E813.8"
"800","Skull vault fracture",12,14,"E813.9"
"800","Skull vault fracture",12,14,"E815.1"
"800","Skull vault fracture",12,14,"E815.2"
"800","Skull vault fracture",12,14,"E815.3"
"800","Skull vault fracture",12,14,"E815.4"
"800","Skull vault fracture",12,14,"E815.5"
"800","Skull vault fracture",12,14,"E815.8"
"800","Skull vault fracture",12,14,"E815.9"
"800","Skull vault fracture",12,14,"E816.1"
"800","Skull vault fracture",12,14,"E816.2"
"800","Skull vault fracture",12,14,"E816.3"
"800","Skull vault fracture",12,14,"E816.4"
"800","Skull vault fracture",12,14,"E816.5"
"800","Skull vault fracture",12,14,"E816.8"
"800","Skull vault fracture",12,14,"E816.9"
"800","Skull vault fracture",12,14,"E817.1"
"800","Skull vault fracture",12,14,"E817.2"
"800","Skull vault fracture",12,14,"E817.3"
"800","Skull vault fracture",12,14,"E817.4"
"800","Skull vault fracture",12,14,"E817.5"
"800","Skull vault fracture",12,14,"E817.8"
"800","Skull vault fracture",12,14,"E817.9"
"800","Skull vault fracture",12,14,"E818.1"
"800","Skull vault fracture",12,14,"E818.2"
"800","Skull vault fracture",12,14,"E818.3"
"800","Skull vault fracture",12,14,"E818.4"
"800","Skull vault fracture",12,14,"E818.5"
"800","Skull vault fracture",12,14,"E818.8"
"800","Skull vault fracture",12,14,"E818.9"
"800","Skull vault fracture",12,14,"E819.1"
"800","Skull vault fracture",12,14,"E819.2"
"800","Skull vault fracture",12,14,"E819.3"
"800","Skull vault fracture",12,14,"E819.4"
"800","Skull vault fracture",12,14,"E819.5"
"800","Skull vault fracture",12,14,"E819.8"
"800","Skull vault fracture",12,14,"E819.9"
"800","Skull vault fracture",12,6,"756.51"
"800","Skull vault fracture",12,1,"767"
"800","Skull vault fracture",12,13,"733.10"
"800","Skull vault fracture",12,13,"733.11"
"800","Skull vault fracture",12,13,"733.12"
"800","Skull vault fracture",12,13,"733.13"
"800","Skull vault fracture",12,13,"733.14"
"800","Skull vault fracture",12,13,"733.15"
"800","Skull vault fracture",12,13,"733.16"
"800","Skull vault fracture",12,13,"733.17"
"800","Skull vault fracture",12,13,"733.18"
"800","Skull vault fracture",12,13,"733.19"
"800","Skull vault fracture",12,2,"765"
"805","Vertebral fracture",13,14,"E810.1"
"805","Vertebral fracture",13,14,"E810.2"
"805","Vertebral fracture",13,14,"E810.3"
"805","Vertebral fracture",13,14,"E810.4"
"805","Vertebral fracture",13,14,"E810.5"
"805","Vertebral fracture",13,14,"E810.8"
"805","Vertebral fracture",13,14,"E810.9"
"805","Vertebral fracture",13,14,"E811.1"
"805","Vertebral fracture",13,14,"E811.2"
"805","Vertebral fracture",13,14,"E811.3"
"805","Vertebral fracture",13,14,"E811.4"
"805","Vertebral fracture",13,14,"E811.5"
"805","Vertebral fracture",13,14,"E811.8"
"805","Vertebral fracture",13,14,"E811.9"
"805","Vertebral fracture",13,14,"E812.1"
"805","Vertebral fracture",13,14,"E812.2"
"805","Vertebral fracture",13,14,"E812.3"
"805","Vertebral fracture",13,14,"E812.4"
"805","Vertebral fracture",13,14,"E812.5"
"805","Vertebral fracture",13,14,"E812.8"
"805","Vertebral fracture",13,14,"E812.9"
"805","Vertebral fracture",13,14,"E813.1"
"805","Vertebral fracture",13,14,"E813.2"
"805","Vertebral fracture",13,14,"E813.3"
"805","Vertebral fracture",13,14,"E813.4"
"805","Vertebral fracture",13,14,"E813.5"
"805","Vertebral fracture",13,14,"E813.8"
"805","Vertebral fracture",13,14,"E813.9"
"805","Vertebral fracture",13,14,"E815.1"
"805","Vertebral fracture",13,14,"E815.2"
"805","Vertebral fracture",13,14,"E815.3"
"805","Vertebral fracture",13,14,"E815.4"
"805","Vertebral fracture",13,14,"E815.5"
"805","Vertebral fracture",13,14,"E815.8"
"805","Vertebral fracture",13,14,"E815.9"
"805","Vertebral fracture",13,14,"E816.1"
"805","Vertebral fracture",13,14,"E816.2"
"805","Vertebral fracture",13,14,"E816.3"
"805","Vertebral fracture",13,14,"E816.4"
"805","Vertebral fracture",13,14,"E816.5"
"805","Vertebral fracture",13,14,"E816.8"
"805","Vertebral fracture",13,14,"E816.9"
"805","Vertebral fracture",13,14,"E817.1"
"805","Vertebral fracture",13,14,"E817.2"
"805","Vertebral fracture",13,14,"E817.3"
"805","Vertebral fracture",13,14,"E817.4"
"805","Vertebral fracture",13,14,"E817.5"
"805","Vertebral fracture",13,14,"E817.8"
"805","Vertebral fracture",13,14,"E817.9"
"805","Vertebral fracture",13,14,"E818.1"
"805","Vertebral fracture",13,14,"E818.2"
"805","Vertebral fracture",13,14,"E818.3"
"805","Vertebral fracture",13,14,"E818.4"
"805","Vertebral fracture",13,14,"E818.5"
"805","Vertebral fracture",13,14,"E818.8"
"805","Vertebral fracture",13,14,"E818.9"
"805","Vertebral fracture",13,14,"E819.1"
"805","Vertebral fracture",13,14,"E819.2"
"805","Vertebral fracture",13,14,"E819.3"
"805","Vertebral fracture",13,14,"E819.4"
"805","Vertebral fracture",13,14,"E819.5"
"805","Vertebral fracture",13,14,"E819.8"
"805","Vertebral fracture",13,14,"E819.9"
"805","Vertebral fracture",13,6,"756.51"
"805","Vertebral fracture",13,1,"767"
"805","Vertebral fracture",13,13,"733.10"
"805","Vertebral fracture",13,13,"733.11"
"805","Vertebral fracture",13,13,"733.12"
"805","Vertebral fracture",13,13,"733.13"
"805","Vertebral fracture",13,13,"733.14"
"805","Vertebral fracture",13,13,"733.15"
"805","Vertebral fracture",13,13,"733.16"
"805","Vertebral fracture",13,13,"733.17"
"805","Vertebral fracture",13,13,"733.18"
"805","Vertebral fracture",13,13,"733.19"
"805","Vertebral fracture",13,2,"765"
"852.0","Traumatic subarachnoid hemorrhage",14,14,"E810.1"
"852.0","Traumatic subarachnoid hemorrhage",14,14,"E810.2"
"852.0","Traumatic subarachnoid hemorrhage",14,14,"E810.3"
"852.0","Traumatic subarachnoid hemorrhage",14,14,"E810.4"
"852.0","Traumatic subarachnoid hemorrhage",14,14,"E810.5"
"852.0","Traumatic subarachnoid hemorrhage",14,14,"E810.8"
"852.0","Traumatic subarachnoid hemorrhage",14,14,"E810.9"
"852.0","Traumatic subarachnoid hemorrhage",14,14,"E811.1"
"852.0","Traumatic subarachnoid hemorrhage",14,14,"E811.2"
"852.0","Traumatic subarachnoid hemorrhage",14,14,"E811.3"
"852.0","Traumatic subarachnoid hemorrhage",14,14,"E811.4"
"852.0","Traumatic subarachnoid hemorrhage",14,14,"E811.5"
"852.0","Traumatic subarachnoid hemorrhage",14,14,"E811.8"
"852.0","Traumatic subarachnoid hemorrhage",14,14,"E811.9"
"852.0","Traumatic subarachnoid hemorrhage",14,14,"E812.1"
"852.0","Traumatic subarachnoid hemorrhage",14,14,"E812.2"
"852.0","Traumatic subarachnoid hemorrhage",14,14,"E812.3"
"852.0","Traumatic subarachnoid hemorrhage",14,14,"E812.4"
"852.0","Traumatic subarachnoid hemorrhage",14,14,"E812.5"
"852.0","Traumatic subarachnoid hemorrhage",14,14,"E812.8"
"852.0","Traumatic subarachnoid hemorrhage",14,14,"E812.9"
"852.0","Traumatic subarachnoid hemorrhage",14,14,"E813.1"
"852.0","Traumatic subarachnoid hemorrhage",14,14,"E813.2"
"852.0","Traumatic subarachnoid hemorrhage",14,14,"E813.3"
"852.0","Traumatic subarachnoid hemorrhage",14,14,"E813.4"
"852.0","Traumatic subarachnoid hemorrhage",14,14,"E813.5"
"852.0","Traumatic subarachnoid hemorrhage",14,14,"E813.8"
"852.0","Traumatic subarachnoid hemorrhage",14,14,"E813.9"
"852.0","Traumatic subarachnoid hemorrhage",14,14,"E815.1"
"852.0","Traumatic subarachnoid hemorrhage",14,14,"E815.2"
"852.0","Traumatic subarachnoid hemorrhage",14,14,"E815.3"
"852.0","Traumatic subarachnoid hemorrhage",14,14,"E815.4"
"852.0","Traumatic subarachnoid hemorrhage",14,14,"E815.5"
"852.0","Traumatic subarachnoid hemorrhage",14,14,"E815.8"
"852.0","Traumatic subarachnoid hemorrhage",14,14,"E815.9"
"852.0","Traumatic subarachnoid hemorrhage",14,14,"E816.1"
"852.0","Traumatic subarachnoid hemorrhage",14,14,"E816.2"
"852.0","Traumatic subarachnoid hemorrhage",14,14,"E816.3"
"852.0","Traumatic subarachnoid hemorrhage",14,14,"E816.4"
"852.0","Traumatic subarachnoid hemorrhage",14,14,"E816.5"
"852.0","Traumatic subarachnoid hemorrhage",14,14,"E816.8"
"852.0","Traumatic subarachnoid hemorrhage",14,14,"E816.9"
"852.0","Traumatic subarachnoid hemorrhage",14,14,"E817.1"
"852.0","Traumatic subarachnoid hemorrhage",14,14,"E817.2"
"852.0","Traumatic subarachnoid hemorrhage",14,14,"E817.3"
"852.0","Traumatic subarachnoid hemorrhage",14,14,"E817.4"
"852.0","Traumatic subarachnoid hemorrhage",14,14,"E817.5"
"852.0","Traumatic subarachnoid hemorrhage",14,14,"E817.8"
"852.0","Traumatic subarachnoid hemorrhage",14,14,"E817.9"
"852.0","Traumatic subarachnoid hemorrhage",14,14,"E818.1"
"852.0","Traumatic subarachnoid hemorrhage",14,14,"E818.2"
"852.0","Traumatic subarachnoid hemorrhage",14,14,"E818.3"
"852.0","Traumatic subarachnoid hemorrhage",14,14,"E818.4"
"852.0","Traumatic subarachnoid hemorrhage",14,14,"E818.5"
"852.0","Traumatic subarachnoid hemorrhage",14,14,"E818.8"
"852.0","Traumatic subarachnoid hemorrhage",14,14,"E818.9"
"852.0","Traumatic subarachnoid hemorrhage",14,14,"E819.1"
"852.0","Traumatic subarachnoid hemorrhage",14,14,"E819.2"
"852.0","Traumatic subarachnoid hemorrhage",14,14,"E819.3"
"852.0","Traumatic subarachnoid hemorrhage",14,14,"E819.4"
"852.0","Traumatic subarachnoid hemorrhage",14,14,"E819.5"
"852.0","Traumatic subarachnoid hemorrhage",14,14,"E819.8"
"852.0","Traumatic subarachnoid hemorrhage",14,14,"E819.9"
"852.0","Traumatic subarachnoid hemorrhage",14,9,"286"
"852.0","Traumatic subarachnoid hemorrhage",14,9,"287"
"862","Intrathoracic injury, NEC",15,14,"E810.1"
"862","Intrathoracic injury, NEC",15,14,"E810.2"
"862","Intrathoracic injury, NEC",15,14,"E810.3"
"862","Intrathoracic injury, NEC",15,14,"E810.4"
"862","Intrathoracic injury, NEC",15,14,"E810.5"
"862","Intrathoracic injury, NEC",15,14,"E810.8"
"862","Intrathoracic injury, NEC",15,14,"E810.9"
"862","Intrathoracic injury, NEC",15,14,"E811.1"
"862","Intrathoracic injury, NEC",15,14,"E811.2"
"862","Intrathoracic injury, NEC",15,14,"E811.3"
"862","Intrathoracic injury, NEC",15,14,"E811.4"
"862","Intrathoracic injury, NEC",15,14,"E811.5"
"862","Intrathoracic injury, NEC",15,14,"E811.8"
"862","Intrathoracic injury, NEC",15,14,"E811.9"
"862","Intrathoracic injury, NEC",15,14,"E812.1"
"862","Intrathoracic injury, NEC",15,14,"E812.2"
"862","Intrathoracic injury, NEC",15,14,"E812.3"
"862","Intrathoracic injury, NEC",15,14,"E812.4"
"862","Intrathoracic injury, NEC",15,14,"E812.5"
"862","Intrathoracic injury, NEC",15,14,"E812.8"
"862","Intrathoracic injury, NEC",15,14,"E812.9"
"862","Intrathoracic injury, NEC",15,14,"E813.1"
"862","Intrathoracic injury, NEC",15,14,"E813.2"
"862","Intrathoracic injury, NEC",15,14,"E813.3"
"862","Intrathoracic injury, NEC",15,14,"E813.4"
"862","Intrathoracic injury, NEC",15,14,"E813.5"
"862","Intrathoracic injury, NEC",15,14,"E813.8"
"862","Intrathoracic injury, NEC",15,14,"E813.9"
"862","Intrathoracic injury, NEC",15,14,"E815.1"
"862","Intrathoracic injury, NEC",15,14,"E815.2"
"862","Intrathoracic injury, NEC",15,14,"E815.3"
"862","Intrathoracic injury, NEC",15,14,"E815.4"
"862","Intrathoracic injury, NEC",15,14,"E815.5"
"862","Intrathoracic injury, NEC",15,14,"E815.8"
"862","Intrathoracic injury, NEC",15,14,"E815.9"
"862","Intrathoracic injury, NEC",15,14,"E816.1"
"862","Intrathoracic injury, NEC",15,14,"E816.2"
"862","Intrathoracic injury, NEC",15,14,"E816.3"
"862","Intrathoracic injury, NEC",15,14,"E816.4"
"862","Intrathoracic injury, NEC",15,14,"E816.5"
"862","Intrathoracic injury, NEC",15,14,"E816.8"
"862","Intrathoracic injury, NEC",15,14,"E816.9"
"862","Intrathoracic injury, NEC",15,14,"E817.1"
"862","Intrathoracic injury, NEC",15,14,"E817.2"
"862","Intrathoracic injury, NEC",15,14,"E817.3"
"862","Intrathoracic injury, NEC",15,14,"E817.4"
"862","Intrathoracic injury, NEC",15,14,"E817.5"
"862","Intrathoracic injury, NEC",15,14,"E817.8"
"862","Intrathoracic injury, NEC",15,14,"E817.9"
"862","Intrathoracic injury, NEC",15,14,"E818.1"
"862","Intrathoracic injury, NEC",15,14,"E818.2"
"862","Intrathoracic injury, NEC",15,14,"E818.3"
"862","Intrathoracic injury, NEC",15,14,"E818.4"
"862","Intrathoracic injury, NEC",15,14,"E818.5"
"862","Intrathoracic injury, NEC",15,14,"E818.8"
"862","Intrathoracic injury, NEC",15,14,"E818.9"
"862","Intrathoracic injury, NEC",15,14,"E819.1"
"862","Intrathoracic injury, NEC",15,14,"E819.2"
"862","Intrathoracic injury, NEC",15,14,"E819.3"
"862","Intrathoracic injury, NEC",15,14,"E819.4"
"862","Intrathoracic injury, NEC",15,14,"E819.5"
"862","Intrathoracic injury, NEC",15,14,"E819.8"
"862","Intrathoracic injury, NEC",15,14,"E819.9"
"863.2","Small intestine injury",16,14,"E810.1"
"863.2","Small intestine injury",16,14,"E810.2"
"863.2","Small intestine injury",16,14,"E810.3"
"863.2","Small intestine injury",16,14,"E810.4"
"863.2","Small intestine injury",16,14,"E810.5"
"863.2","Small intestine injury",16,14,"E810.8"
"863.2","Small intestine injury",16,14,"E810.9"
"863.2","Small intestine injury",16,14,"E811.1"
"863.2","Small intestine injury",16,14,"E811.2"
"863.2","Small intestine injury",16,14,"E811.3"
"863.2","Small intestine injury",16,14,"E811.4"
"863.2","Small intestine injury",16,14,"E811.5"
"863.2","Small intestine injury",16,14,"E811.8"
"863.2","Small intestine injury",16,14,"E811.9"
"863.2","Small intestine injury",16,14,"E812.1"
"863.2","Small intestine injury",16,14,"E812.2"
"863.2","Small intestine injury",16,14,"E812.3"
"863.2","Small intestine injury",16,14,"E812.4"
"863.2","Small intestine injury",16,14,"E812.5"
"863.2","Small intestine injury",16,14,"E812.8"
"863.2","Small intestine injury",16,14,"E812.9"
"863.2","Small intestine injury",16,14,"E813.1"
"863.2","Small intestine injury",16,14,"E813.2"
"863.2","Small intestine injury",16,14,"E813.3"
"863.2","Small intestine injury",16,14,"E813.4"
"863.2","Small intestine injury",16,14,"E813.5"
"863.2","Small intestine injury",16,14,"E813.8"
"863.2","Small intestine injury",16,14,"E813.9"
"863.2","Small intestine injury",16,14,"E815.1"
"863.2","Small intestine injury",16,14,"E815.2"
"863.2","Small intestine injury",16,14,"E815.3"
"863.2","Small intestine injury",16,14,"E815.4"
"863.2","Small intestine injury",16,14,"E815.5"
"863.2","Small intestine injury",16,14,"E815.8"
"863.2","Small intestine injury",16,14,"E815.9"
"863.2","Small intestine injury",16,14,"E816.1"
"863.2","Small intestine injury",16,14,"E816.2"
"863.2","Small intestine injury",16,14,"E816.3"
"863.2","Small intestine injury",16,14,"E816.4"
"863.2","Small intestine injury",16,14,"E816.5"
"863.2","Small intestine injury",16,14,"E816.8"
"863.2","Small intestine injury",16,14,"E816.9"
"863.2","Small intestine injury",16,14,"E817.1"
"863.2","Small intestine injury",16,14,"E817.2"
"863.2","Small intestine injury",16,14,"E817.3"
"863.2","Small intestine injury",16,14,"E817.4"
"863.2","Small intestine injury",16,14,"E817.5"
"863.2","Small intestine injury",16,14,"E817.8"
"863.2","Small intestine injury",16,14,"E817.9"
"863.2","Small intestine injury",16,14,"E818.1"
"863.2","Small intestine injury",16,14,"E818.2"
"863.2","Small intestine injury",16,14,"E818.3"
"863.2","Small intestine injury",16,14,"E818.4"
"863.2","Small intestine injury",16,14,"E818.5"
"863.2","Small intestine injury",16,14,"E818.8"
"863.2","Small intestine injury",16,14,"E818.9"
"863.2","Small intestine injury",16,14,"E819.1"
"863.2","Small intestine injury",16,14,"E819.2"
"863.2","Small intestine injury",16,14,"E819.3"
"863.2","Small intestine injury",16,14,"E819.4"
"863.2","Small intestine injury",16,14,"E819.5"
"863.2","Small intestine injury",16,14,"E819.8"
"863.2","Small intestine injury",16,14,"E819.9"
"863.3","Small intestine injury",16,14,"E810.1"
"863.3","Small intestine injury",16,14,"E810.2"
"863.3","Small intestine injury",16,14,"E810.3"
"863.3","Small intestine injury",16,14,"E810.4"
"863.3","Small intestine injury",16,14,"E810.5"
"863.3","Small intestine injury",16,14,"E810.8"
"863.3","Small intestine injury",16,14,"E810.9"
"863.3","Small intestine injury",16,14,"E811.1"
"863.3","Small intestine injury",16,14,"E811.2"
"863.3","Small intestine injury",16,14,"E811.3"
"863.3","Small intestine injury",16,14,"E811.4"
"863.3","Small intestine injury",16,14,"E811.5"
"863.3","Small intestine injury",16,14,"E811.8"
"863.3","Small intestine injury",16,14,"E811.9"
"863.3","Small intestine injury",16,14,"E812.1"
"863.3","Small intestine injury",16,14,"E812.2"
"863.3","Small intestine injury",16,14,"E812.3"
"863.3","Small intestine injury",16,14,"E812.4"
"863.3","Small intestine injury",16,14,"E812.5"
"863.3","Small intestine injury",16,14,"E812.8"
"863.3","Small intestine injury",16,14,"E812.9"
"863.3","Small intestine injury",16,14,"E813.1"
"863.3","Small intestine injury",16,14,"E813.2"
"863.3","Small intestine injury",16,14,"E813.3"
"863.3","Small intestine injury",16,14,"E813.4"
"863.3","Small intestine injury",16,14,"E813.5"
"863.3","Small intestine injury",16,14,"E813.8"
"863.3","Small intestine injury",16,14,"E813.9"
"863.3","Small intestine injury",16,14,"E815.1"
"863.3","Small intestine injury",16,14,"E815.2"
"863.3","Small intestine injury",16,14,"E815.3"
"863.3","Small intestine injury",16,14,"E815.4"
"863.3","Small intestine injury",16,14,"E815.5"
"863.3","Small intestine injury",16,14,"E815.8"
"863.3","Small intestine injury",16,14,"E815.9"
"863.3","Small intestine injury",16,14,"E816.1"
"863.3","Small intestine injury",16,14,"E816.2"
"863.3","Small intestine injury",16,14,"E816.3"
"863.3","Small intestine injury",16,14,"E816.4"
"863.3","Small intestine injury",16,14,"E816.5"
"863.3","Small intestine injury",16,14,"E816.8"
"863.3","Small intestine injury",16,14,"E816.9"
"863.3","Small intestine injury",16,14,"E817.1"
"863.3","Small intestine injury",16,14,"E817.2"
"863.3","Small intestine injury",16,14,"E817.3"
"863.3","Small intestine injury",16,14,"E817.4"
"863.3","Small intestine injury",16,14,"E817.5"
"863.3","Small intestine injury",16,14,"E817.8"
"863.3","Small intestine injury",16,14,"E817.9"
"863.3","Small intestine injury",16,14,"E818.1"
"863.3","Small intestine injury",16,14,"E818.2"
"863.3","Small intestine injury",16,14,"E818.3"
"863.3","Small intestine injury",16,14,"E818.4"
"863.3","Small intestine injury",16,14,"E818.5"
"863.3","Small intestine injury",16,14,"E818.8"
"863.3","Small intestine injury",16,14,"E818.9"
"863.3","Small intestine injury",16,14,"E819.1"
"863.3","Small intestine injury",16,14,"E819.2"
"863.3","Small intestine injury",16,14,"E819.3"
"863.3","Small intestine injury",16,14,"E819.4"
"863.3","Small intestine injury",16,14,"E819.5"
"863.3","Small intestine injury",16,14,"E819.8"
"863.3","Small intestine injury",16,14,"E819.9"
"865","Spleen injury",17,14,"E810.1"
"865","Spleen injury",17,14,"E810.2"
"865","Spleen injury",17,14,"E810.3"
"865","Spleen injury",17,14,"E810.4"
"865","Spleen injury",17,14,"E810.5"
"865","Spleen injury",17,14,"E810.8"
"865","Spleen injury",17,14,"E810.9"
"865","Spleen injury",17,14,"E811.1"
"865","Spleen injury",17,14,"E811.2"
"865","Spleen injury",17,14,"E811.3"
"865","Spleen injury",17,14,"E811.4"
"865","Spleen injury",17,14,"E811.5"
"865","Spleen injury",17,14,"E811.8"
"865","Spleen injury",17,14,"E811.9"
"865","Spleen injury",17,14,"E812.1"
"865","Spleen injury",17,14,"E812.2"
"865","Spleen injury",17,14,"E812.3"
"865","Spleen injury",17,14,"E812.4"
"865","Spleen injury",17,14,"E812.5"
"865","Spleen injury",17,14,"E812.8"
"865","Spleen injury",17,14,"E812.9"
"865","Spleen injury",17,14,"E813.1"
"865","Spleen injury",17,14,"E813.2"
"865","Spleen injury",17,14,"E813.3"
"865","Spleen injury",17,14,"E813.4"
"865","Spleen injury",17,14,"E813.5"
"865","Spleen injury",17,14,"E813.8"
"865","Spleen injury",17,14,"E813.9"
"865","Spleen injury",17,14,"E815.1"
"865","Spleen injury",17,14,"E815.2"
"865","Spleen injury",17,14,"E815.3"
"865","Spleen injury",17,14,"E815.4"
"865","Spleen injury",17,14,"E815.5"
"865","Spleen injury",17,14,"E815.8"
"865","Spleen injury",17,14,"E815.9"
"865","Spleen injury",17,14,"E816.1"
"865","Spleen injury",17,14,"E816.2"
"865","Spleen injury",17,14,"E816.3"
"865","Spleen injury",17,14,"E816.4"
"865","Spleen injury",17,14,"E816.5"
"865","Spleen injury",17,14,"E816.8"
"865","Spleen injury",17,14,"E816.9"
"865","Spleen injury",17,14,"E817.1"
"865","Spleen injury",17,14,"E817.2"
"865","Spleen injury",17,14,"E817.3"
"865","Spleen injury",17,14,"E817.4"
"865","Spleen injury",17,14,"E817.5"
"865","Spleen injury",17,14,"E817.8"
"865","Spleen injury",17,14,"E817.9"
"865","Spleen injury",17,14,"E818.1"
"865","Spleen injury",17,14,"E818.2"
"865","Spleen injury",17,14,"E818.3"
"865","Spleen injury",17,14,"E818.4"
"865","Spleen injury",17,14,"E818.5"
"865","Spleen injury",17,14,"E818.8"
"865","Spleen injury",17,14,"E818.9"
"865","Spleen injury",17,14,"E819.1"
"865","Spleen injury",17,14,"E819.2"
"865","Spleen injury",17,14,"E819.3"
"865","Spleen injury",17,14,"E819.4"
"865","Spleen injury",17,14,"E819.5"
"865","Spleen injury",17,14,"E819.8"
"865","Spleen injury",17,14,"E819.9"
"952","Spinal cord injury",18,10,"E800"
"952","Spinal cord injury",18,10,"E801"
"952","Spinal cord injury",18,10,"E802"
"952","Spinal cord injury",18,10,"E803"
"952","Spinal cord injury",18,10,"E804"
"952","Spinal cord injury",18,10,"E805"
"952","Spinal cord injury",18,10,"E806"
"952","Spinal cord injury",18,10,"E807"
"952","Spinal cord injury",18,10,"E808"
"952","Spinal cord injury",18,10,"E809"
"952","Spinal cord injury",18,10,"E810"
"952","Spinal cord injury",18,10,"E811"
"952","Spinal cord injury",18,10,"E812"
"952","Spinal cord injury",18,10,"E813"
"952","Spinal cord injury",18,10,"E814"
"952","Spinal cord injury",18,10,"E815"
"952","Spinal cord injury",18,10,"E816"
"952","Spinal cord injury",18,10,"E817"
"952","Spinal cord injury",18,10,"E818"
"952","Spinal cord injury",18,10,"E819"
"808","Pelvic fracture",19,14,"E810.1"
"808","Pelvic fracture",19,14,"E810.2"
"808","Pelvic fracture",19,14,"E810.3"
"808","Pelvic fracture",19,14,"E810.4"
"808","Pelvic fracture",19,14,"E810.5"
"808","Pelvic fracture",19,14,"E810.8"
"808","Pelvic fracture",19,14,"E810.9"
"808","Pelvic fracture",19,14,"E811.1"
"808","Pelvic fracture",19,14,"E811.2"
"808","Pelvic fracture",19,14,"E811.3"
"808","Pelvic fracture",19,14,"E811.4"
"808","Pelvic fracture",19,14,"E811.5"
"808","Pelvic fracture",19,14,"E811.8"
"808","Pelvic fracture",19,14,"E811.9"
"808","Pelvic fracture",19,14,"E812.1"
"808","Pelvic fracture",19,14,"E812.2"
"808","Pelvic fracture",19,14,"E812.3"
"808","Pelvic fracture",19,14,"E812.4"
"808","Pelvic fracture",19,14,"E812.5"
"808","Pelvic fracture",19,14,"E812.8"
"808","Pelvic fracture",19,14,"E812.9"
"808","Pelvic fracture",19,14,"E813.1"
"808","Pelvic fracture",19,14,"E813.2"
"808","Pelvic fracture",19,14,"E813.3"
"808","Pelvic fracture",19,14,"E813.4"
"808","Pelvic fracture",19,14,"E813.5"
"808","Pelvic fracture",19,14,"E813.8"
"808","Pelvic fracture",19,14,"E813.9"
"808","Pelvic fracture",19,14,"E815.1"
"808","Pelvic fracture",19,14,"E815.2"
"808","Pelvic fracture",19,14,"E815.3"
"808","Pelvic fracture",19,14,"E815.4"
"808","Pelvic fracture",19,14,"E815.5"
"808","Pelvic fracture",19,14,"E815.8"
"808","Pelvic fracture",19,14,"E815.9"
"808","Pelvic fracture",19,14,"E816.1"
"808","Pelvic fracture",19,14,"E816.2"
"808","Pelvic fracture",19,14,"E816.3"
"808","Pelvic fracture",19,14,"E816.4"
"808","Pelvic fracture",19,14,"E816.5"
"808","Pelvic fracture",19,14,"E816.8"
"808","Pelvic fracture",19,14,"E816.9"
"808","Pelvic fracture",19,14,"E817.1"
"808","Pelvic fracture",19,14,"E817.2"
"808","Pelvic fracture",19,14,"E817.3"
"808","Pelvic fracture",19,14,"E817.4"
"808","Pelvic fracture",19,14,"E817.5"
"808","Pelvic fracture",19,14,"E817.8"
"808","Pelvic fracture",19,14,"E817.9"
"808","Pelvic fracture",19,14,"E818.1"
"808","Pelvic fracture",19,14,"E818.2"
"808","Pelvic fracture",19,14,"E818.3"
"808","Pelvic fracture",19,14,"E818.4"
"808","Pelvic fracture",19,14,"E818.5"
"808","Pelvic fracture",19,14,"E818.8"
"808","Pelvic fracture",19,14,"E818.9"
"808","Pelvic fracture",19,14,"E819.1"
"808","Pelvic fracture",19,14,"E819.2"
"808","Pelvic fracture",19,14,"E819.3"
"808","Pelvic fracture",19,14,"E819.4"
"808","Pelvic fracture",19,14,"E819.5"
"808","Pelvic fracture",19,14,"E819.8"
"808","Pelvic fracture",19,14,"E819.9"
"808","Pelvic fracture",19,6,"756.51"
"808","Pelvic fracture",19,1,"767"
"808","Pelvic fracture",19,13,"733.10"
"808","Pelvic fracture",19,13,"733.11"
"808","Pelvic fracture",19,13,"733.12"
"808","Pelvic fracture",19,13,"733.13"
"808","Pelvic fracture",19,13,"733.14"
"808","Pelvic fracture",19,13,"733.15"
"808","Pelvic fracture",19,13,"733.16"
"808","Pelvic fracture",19,13,"733.17"
"808","Pelvic fracture",19,13,"733.18"
"808","Pelvic fracture",19,13,"733.19"
"808","Pelvic fracture",19,2,"765"
"860","Traumatic pneumohemothorax",20,14,"E810.1"
"860","Traumatic pneumohemothorax",20,14,"E810.2"
"860","Traumatic pneumohemothorax",20,14,"E810.3"
"860","Traumatic pneumohemothorax",20,14,"E810.4"
"860","Traumatic pneumohemothorax",20,14,"E810.5"
"860","Traumatic pneumohemothorax",20,14,"E810.8"
"860","Traumatic pneumohemothorax",20,14,"E810.9"
"860","Traumatic pneumohemothorax",20,14,"E811.1"
"860","Traumatic pneumohemothorax",20,14,"E811.2"
"860","Traumatic pneumohemothorax",20,14,"E811.3"
"860","Traumatic pneumohemothorax",20,14,"E811.4"
"860","Traumatic pneumohemothorax",20,14,"E811.5"
"860","Traumatic pneumohemothorax",20,14,"E811.8"
"860","Traumatic pneumohemothorax",20,14,"E811.9"
"860","Traumatic pneumohemothorax",20,14,"E812.1"
"860","Traumatic pneumohemothorax",20,14,"E812.2"
"860","Traumatic pneumohemothorax",20,14,"E812.3"
"860","Traumatic pneumohemothorax",20,14,"E812.4"
"860","Traumatic pneumohemothorax",20,14,"E812.5"
"860","Traumatic pneumohemothorax",20,14,"E812.8"
"860","Traumatic pneumohemothorax",20,14,"E812.9"
"860","Traumatic pneumohemothorax",20,14,"E813.1"
"860","Traumatic pneumohemothorax",20,14,"E813.2"
"860","Traumatic pneumohemothorax",20,14,"E813.3"
"860","Traumatic pneumohemothorax",20,14,"E813.4"
"860","Traumatic pneumohemothorax",20,14,"E813.5"
"860","Traumatic pneumohemothorax",20,14,"E813.8"
"860","Traumatic pneumohemothorax",20,14,"E813.9"
"860","Traumatic pneumohemothorax",20,14,"E815.1"
"860","Traumatic pneumohemothorax",20,14,"E815.2"
"860","Traumatic pneumohemothorax",20,14,"E815.3"
"860","Traumatic pneumohemothorax",20,14,"E815.4"
"860","Traumatic pneumohemothorax",20,14,"E815.5"
"860","Traumatic pneumohemothorax",20,14,"E815.8"
"860","Traumatic pneumohemothorax",20,14,"E815.9"
"860","Traumatic pneumohemothorax",20,14,"E816.1"
"860","Traumatic pneumohemothorax",20,14,"E816.2"
"860","Traumatic pneumohemothorax",20,14,"E816.3"
"860","Traumatic pneumohemothorax",20,14,"E816.4"
"860","Traumatic pneumohemothorax",20,14,"E816.5"
"860","Traumatic pneumohemothorax",20,14,"E816.8"
"860","Traumatic pneumohemothorax",20,14,"E816.9"
"860","Traumatic pneumohemothorax",20,14,"E817.1"
"860","Traumatic pneumohemothorax",20,14,"E817.2"
"860","Traumatic pneumohemothorax",20,14,"E817.3"
"860","Traumatic pneumohemothorax",20,14,"E817.4"
"860","Traumatic pneumohemothorax",20,14,"E817.5"
"860","Traumatic pneumohemothorax",20,14,"E817.8"
"860","Traumatic pneumohemothorax",20,14,"E817.9"
"860","Traumatic pneumohemothorax",20,14,"E818.1"
"860","Traumatic pneumohemothorax",20,14,"E818.2"
"860","Traumatic pneumohemothorax",20,14,"E818.3"
"860","Traumatic pneumohemothorax",20,14,"E818.4"
"860","Traumatic pneumohemothorax",20,14,"E818.5"
"860","Traumatic pneumohemothorax",20,14,"E818.8"
"860","Traumatic pneumohemothorax",20,14,"E818.9"
"860","Traumatic pneumohemothorax",20,14,"E819.1"
"860","Traumatic pneumohemothorax",20,14,"E819.2"
"860","Traumatic pneumohemothorax",20,14,"E819.3"
"860","Traumatic pneumohemothorax",20,14,"E819.4"
"860","Traumatic pneumohemothorax",20,14,"E819.5"
"860","Traumatic pneumohemothorax",20,14,"E819.8"
"860","Traumatic pneumohemothorax",20,14,"E819.9"
"861","Heart or lung injury",21,14,"E810.1"
"861","Heart or lung injury",21,14,"E810.2"
"861","Heart or lung injury",21,14,"E810.3"
"861","Heart or lung injury",21,14,"E810.4"
"861","Heart or lung injury",21,14,"E810.5"
"861","Heart or lung injury",21,14,"E810.8"
"861","Heart or lung injury",21,14,"E810.9"
"861","Heart or lung injury",21,14,"E811.1"
"861","Heart or lung injury",21,14,"E811.2"
"861","Heart or lung injury",21,14,"E811.3"
"861","Heart or lung injury",21,14,"E811.4"
"861","Heart or lung injury",21,14,"E811.5"
"861","Heart or lung injury",21,14,"E811.8"
"861","Heart or lung injury",21,14,"E811.9"
"861","Heart or lung injury",21,14,"E812.1"
"861","Heart or lung injury",21,14,"E812.2"
"861","Heart or lung injury",21,14,"E812.3"
"861","Heart or lung injury",21,14,"E812.4"
"861","Heart or lung injury",21,14,"E812.5"
"861","Heart or lung injury",21,14,"E812.8"
"861","Heart or lung injury",21,14,"E812.9"
"861","Heart or lung injury",21,14,"E813.1"
"861","Heart or lung injury",21,14,"E813.2"
"861","Heart or lung injury",21,14,"E813.3"
"861","Heart or lung injury",21,14,"E813.4"
"861","Heart or lung injury",21,14,"E813.5"
"861","Heart or lung injury",21,14,"E813.8"
"861","Heart or lung injury",21,14,"E813.9"
"861","Heart or lung injury",21,14,"E815.1"
"861","Heart or lung injury",21,14,"E815.2"
"861","Heart or lung injury",21,14,"E815.3"
"861","Heart or lung injury",21,14,"E815.4"
"861","Heart or lung injury",21,14,"E815.5"
"861","Heart or lung injury",21,14,"E815.8"
"861","Heart or lung injury",21,14,"E815.9"
"861","Heart or lung injury",21,14,"E816.1"
"861","Heart or lung injury",21,14,"E816.2"
"861","Heart or lung injury",21,14,"E816.3"
"861","Heart or lung injury",21,14,"E816.4"
"861","Heart or lung injury",21,14,"E816.5"
"861","Heart or lung injury",21,14,"E816.8"
"861","Heart or lung injury",21,14,"E816.9"
"861","Heart or lung injury",21,14,"E817.1"
"861","Heart or lung injury",21,14,"E817.2"
"861","Heart or lung injury",21,14,"E817.3"
"861","Heart or lung injury",21,14,"E817.4"
"861","Heart or lung injury",21,14,"E817.5"
"861","Heart or lung injury",21,14,"E817.8"
"861","Heart or lung injury",21,14,"E817.9"
"861","Heart or lung injury",21,14,"E818.1"
"861","Heart or lung injury",21,14,"E818.2"
"861","Heart or lung injury",21,14,"E818.3"
"861","Heart or lung injury",21,14,"E818.4"
"861","Heart or lung injury",21,14,"E818.5"
"861","Heart or lung injury",21,14,"E818.8"
"861","Heart or lung injury",21,14,"E818.9"
"861","Heart or lung injury",21,14,"E819.1"
"861","Heart or lung injury",21,14,"E819.2"
"861","Heart or lung injury",21,14,"E819.3"
"861","Heart or lung injury",21,14,"E819.4"
"861","Heart or lung injury",21,14,"E819.5"
"861","Heart or lung injury",21,14,"E819.8"
"861","Heart or lung injury",21,14,"E819.9"
"863.8","GI injury, NEC",22,14,"E810.1"
"863.8","GI injury, NEC",22,14,"E810.2"
"863.8","GI injury, NEC",22,14,"E810.3"
"863.8","GI injury, NEC",22,14,"E810.4"
"863.8","GI injury, NEC",22,14,"E810.5"
"863.8","GI injury, NEC",22,14,"E810.8"
"863.8","GI injury, NEC",22,14,"E810.9"
"863.8","GI injury, NEC",22,14,"E811.1"
"863.8","GI injury, NEC",22,14,"E811.2"
"863.8","GI injury, NEC",22,14,"E811.3"
"863.8","GI injury, NEC",22,14,"E811.4"
"863.8","GI injury, NEC",22,14,"E811.5"
"863.8","GI injury, NEC",22,14,"E811.8"
"863.8","GI injury, NEC",22,14,"E811.9"
"863.8","GI injury, NEC",22,14,"E812.1"
"863.8","GI injury, NEC",22,14,"E812.2"
"863.8","GI injury, NEC",22,14,"E812.3"
"863.8","GI injury, NEC",22,14,"E812.4"
"863.8","GI injury, NEC",22,14,"E812.5"
"863.8","GI injury, NEC",22,14,"E812.8"
"863.8","GI injury, NEC",22,14,"E812.9"
"863.8","GI injury, NEC",22,14,"E813.1"
"863.8","GI injury, NEC",22,14,"E813.2"
"863.8","GI injury, NEC",22,14,"E813.3"
"863.8","GI injury, NEC",22,14,"E813.4"
"863.8","GI injury, NEC",22,14,"E813.5"
"863.8","GI injury, NEC",22,14,"E813.8"
"863.8","GI injury, NEC",22,14,"E813.9"
"863.8","GI injury, NEC",22,14,"E815.1"
"863.8","GI injury, NEC",22,14,"E815.2"
"863.8","GI injury, NEC",22,14,"E815.3"
"863.8","GI injury, NEC",22,14,"E815.4"
"863.8","GI injury, NEC",22,14,"E815.5"
"863.8","GI injury, NEC",22,14,"E815.8"
"863.8","GI injury, NEC",22,14,"E815.9"
"863.8","GI injury, NEC",22,14,"E816.1"
"863.8","GI injury, NEC",22,14,"E816.2"
"863.8","GI injury, NEC",22,14,"E816.3"
"863.8","GI injury, NEC",22,14,"E816.4"
"863.8","GI injury, NEC",22,14,"E816.5"
"863.8","GI injury, NEC",22,14,"E816.8"
"863.8","GI injury, NEC",22,14,"E816.9"
"863.8","GI injury, NEC",22,14,"E817.1"
"863.8","GI injury, NEC",22,14,"E817.2"
"863.8","GI injury, NEC",22,14,"E817.3"
"863.8","GI injury, NEC",22,14,"E817.4"
"863.8","GI injury, NEC",22,14,"E817.5"
"863.8","GI injury, NEC",22,14,"E817.8"
"863.8","GI injury, NEC",22,14,"E817.9"
"863.8","GI injury, NEC",22,14,"E818.1"
"863.8","GI injury, NEC",22,14,"E818.2"
"863.8","GI injury, NEC",22,14,"E818.3"
"863.8","GI injury, NEC",22,14,"E818.4"
"863.8","GI injury, NEC",22,14,"E818.5"
"863.8","GI injury, NEC",22,14,"E818.8"
"863.8","GI injury, NEC",22,14,"E818.9"
"863.8","GI injury, NEC",22,14,"E819.1"
"863.8","GI injury, NEC",22,14,"E819.2"
"863.8","GI injury, NEC",22,14,"E819.3"
"863.8","GI injury, NEC",22,14,"E819.4"
"863.8","GI injury, NEC",22,14,"E819.5"
"863.8","GI injury, NEC",22,14,"E819.8"
"863.8","GI injury, NEC",22,14,"E819.9"
"864","Liver injury",23,14,"E810.1"
"864","Liver injury",23,14,"E810.2"
"864","Liver injury",23,14,"E810.3"
"864","Liver injury",23,14,"E810.4"
"864","Liver injury",23,14,"E810.5"
"864","Liver injury",23,14,"E810.8"
"864","Liver injury",23,14,"E810.9"
"864","Liver injury",23,14,"E811.1"
"864","Liver injury",23,14,"E811.2"
"864","Liver injury",23,14,"E811.3"
"864","Liver injury",23,14,"E811.4"
"864","Liver injury",23,14,"E811.5"
"864","Liver injury",23,14,"E811.8"
"864","Liver injury",23,14,"E811.9"
"864","Liver injury",23,14,"E812.1"
"864","Liver injury",23,14,"E812.2"
"864","Liver injury",23,14,"E812.3"
"864","Liver injury",23,14,"E812.4"
"864","Liver injury",23,14,"E812.5"
"864","Liver injury",23,14,"E812.8"
"864","Liver injury",23,14,"E812.9"
"864","Liver injury",23,14,"E813.1"
"864","Liver injury",23,14,"E813.2"
"864","Liver injury",23,14,"E813.3"
"864","Liver injury",23,14,"E813.4"
"864","Liver injury",23,14,"E813.5"
"864","Liver injury",23,14,"E813.8"
"864","Liver injury",23,14,"E813.9"
"864","Liver injury",23,14,"E815.1"
"864","Liver injury",23,14,"E815.2"
"864","Liver injury",23,14,"E815.3"
"864","Liver injury",23,14,"E815.4"
"864","Liver injury",23,14,"E815.5"
"864","Liver injury",23,14,"E815.8"
"864","Liver injury",23,14,"E815.9"
"864","Liver injury",23,14,"E816.1"
"864","Liver injury",23,14,"E816.2"
"864","Liver injury",23,14,"E816.3"
"864","Liver injury",23,14,"E816.4"
"864","Liver injury",23,14,"E816.5"
"864","Liver injury",23,14,"E816.8"
"864","Liver injury",23,14,"E816.9"
"864","Liver injury",23,14,"E817.1"
"864","Liver injury",23,14,"E817.2"
"864","Liver injury",23,14,"E817.3"
"864","Liver injury",23,14,"E817.4"
"864","Liver injury",23,14,"E817.5"
"864","Liver injury",23,14,"E817.8"
"864","Liver injury",23,14,"E817.9"
"864","Liver injury",23,14,"E818.1"
"864","Liver injury",23,14,"E818.2"
"864","Liver injury",23,14,"E818.3"
"864","Liver injury",23,14,"E818.4"
"864","Liver injury",23,14,"E818.5"
"864","Liver injury",23,14,"E818.8"
"864","Liver injury",23,14,"E818.9"
"864","Liver injury",23,14,"E819.1"
"864","Liver injury",23,14,"E819.2"
"864","Liver injury",23,14,"E819.3"
"864","Liver injury",23,14,"E819.4"
"864","Liver injury",23,14,"E819.5"
"864","Liver injury",23,14,"E819.8"
"864","Liver injury",23,14,"E819.9"
"866","Kidney injury",24,14,"E810.1"
"866","Kidney injury",24,14,"E810.2"
"866","Kidney injury",24,14,"E810.3"
"866","Kidney injury",24,14,"E810.4"
"866","Kidney injury",24,14,"E810.5"
"866","Kidney injury",24,14,"E810.8"
"866","Kidney injury",24,14,"E810.9"
"866","Kidney injury",24,14,"E811.1"
"866","Kidney injury",24,14,"E811.2"
"866","Kidney injury",24,14,"E811.3"
"866","Kidney injury",24,14,"E811.4"
"866","Kidney injury",24,14,"E811.5"
"866","Kidney injury",24,14,"E811.8"
"866","Kidney injury",24,14,"E811.9"
"866","Kidney injury",24,14,"E812.1"
"866","Kidney injury",24,14,"E812.2"
"866","Kidney injury",24,14,"E812.3"
"866","Kidney injury",24,14,"E812.4"
"866","Kidney injury",24,14,"E812.5"
"866","Kidney injury",24,14,"E812.8"
"866","Kidney injury",24,14,"E812.9"
"866","Kidney injury",24,14,"E813.1"
"866","Kidney injury",24,14,"E813.2"
"866","Kidney injury",24,14,"E813.3"
"866","Kidney injury",24,14,"E813.4"
"866","Kidney injury",24,14,"E813.5"
"866","Kidney injury",24,14,"E813.8"
"866","Kidney injury",24,14,"E813.9"
"866","Kidney injury",24,14,"E815.1"
"866","Kidney injury",24,14,"E815.2"
"866","Kidney injury",24,14,"E815.3"
"866","Kidney injury",24,14,"E815.4"
"866","Kidney injury",24,14,"E815.5"
"866","Kidney injury",24,14,"E815.8"
"866","Kidney injury",24,14,"E815.9"
"866","Kidney injury",24,14,"E816.1"
"866","Kidney injury",24,14,"E816.2"
"866","Kidney injury",24,14,"E816.3"
"866","Kidney injury",24,14,"E816.4"
"866","Kidney injury",24,14,"E816.5"
"866","Kidney injury",24,14,"E816.8"
"866","Kidney injury",24,14,"E816.9"
"866","Kidney injury",24,14,"E817.1"
"866","Kidney injury",24,14,"E817.2"
"866","Kidney injury",24,14,"E817.3"
"866","Kidney injury",24,14,"E817.4"
"866","Kidney injury",24,14,"E817.5"
"866","Kidney injury",24,14,"E817.8"
"866","Kidney injury",24,14,"E817.9"
"866","Kidney injury",24,14,"E818.1"
"866","Kidney injury",24,14,"E818.2"
"866","Kidney injury",24,14,"E818.3"
"866","Kidney injury",24,14,"E818.4"
"866","Kidney injury",24,14,"E818.5"
"866","Kidney injury",24,14,"E818.8"
"866","Kidney injury",24,14,"E818.9"
"866","Kidney injury",24,14,"E819.1"
"866","Kidney injury",24,14,"E819.2"
"866","Kidney injury",24,14,"E819.3"
"866","Kidney injury",24,14,"E819.4"
"866","Kidney injury",24,14,"E819.5"
"866","Kidney injury",24,14,"E819.8"
"866","Kidney injury",24,14,"E819.9"
"941","Burn of head",25,11,"E890"
"941","Burn of head",25,11,"E891"
"941","Burn of head",25,11,"E892"
"941","Burn of head",25,11,"E893"
"941","Burn of head",25,11,"E894"
"941","Burn of head",25,11,"E895"
"941","Burn of head",25,11,"E896"
"941","Burn of head",25,11,"E897"
"942","Burn of trunk",26,11,"E890"
"942","Burn of trunk",26,11,"E891"
"942","Burn of trunk",26,11,"E892"
"942","Burn of trunk",26,11,"E893"
"942","Burn of trunk",26,11,"E894"
"942","Burn of trunk",26,11,"E895"
"942","Burn of trunk",26,11,"E896"
"942","Burn of trunk",26,11,"E897"
"945","Burn of leg",27,11,"E890"
"945","Burn of leg",27,11,"E891"
"945","Burn of leg",27,11,"E892"
"945","Burn of leg",27,11,"E893"
"945","Burn of leg",27,11,"E894"
"945","Burn of leg",27,11,"E895"
"945","Burn of leg",27,11,"E896"
"945","Burn of leg",27,11,"E897"
"946","Burn of multiple sites",28,11,"E890"
"946","Burn of multiple sites",28,11,"E891"
"946","Burn of multiple sites",28,11,"E892"
"946","Burn of multiple sites",28,11,"E893"
"946","Burn of multiple sites",28,11,"E894"
"946","Burn of multiple sites",28,11,"E895"
"946","Burn of multiple sites",28,11,"E896"
"946","Burn of multiple sites",28,11,"E897"
"960","Poisoning by drugs/medicinals",29,12,"E870"
"960","Poisoning by drugs/medicinals",29,12,"E871"
"960","Poisoning by drugs/medicinals",29,12,"E872"
"960","Poisoning by drugs/medicinals",29,12,"E873"
"960","Poisoning by drugs/medicinals",29,12,"E874"
"960","Poisoning by drugs/medicinals",29,12,"E875"
"960","Poisoning by drugs/medicinals",29,12,"E876"
"961","Poisoning by drugs/medicinals",29,12,"E870"
"961","Poisoning by drugs/medicinals",29,12,"E871"
"961","Poisoning by drugs/medicinals",29,12,"E872"
"961","Poisoning by drugs/medicinals",29,12,"E873"
"961","Poisoning by drugs/medicinals",29,12,"E874"
"961","Poisoning by drugs/medicinals",29,12,"E875"
"961","Poisoning by drugs/medicinals",29,12,"E876"
"962","Poisoning by drugs/medicinals",29,12,"E870"
"962","Poisoning by drugs/medicinals",29,12,"E871"
"962","Poisoning by drugs/medicinals",29,12,"E872"
"962","Poisoning by drugs/medicinals",29,12,"E873"
"962","Poisoning by drugs/medicinals",29,12,"E874"
"962","Poisoning by drugs/medicinals",29,12,"E875"
"962","Poisoning by drugs/medicinals",29,12,"E876"
"963","Poisoning by drugs/medicinals",29,12,"E870"
"963","Poisoning by drugs/medicinals",29,12,"E871"
"963","Poisoning by drugs/medicinals",29,12,"E872"
"963","Poisoning by drugs/medicinals",29,12,"E873"
"963","Poisoning by drugs/medicinals",29,12,"E874"
"963","Poisoning by drugs/medicinals",29,12,"E875"
"963","Poisoning by drugs/medicinals",29,12,"E876"
"964","Poisoning by drugs/medicinals",29,12,"E870"
"964","Poisoning by drugs/medicinals",29,12,"E871"
"964","Poisoning by drugs/medicinals",29,12,"E872"
"964","Poisoning by drugs/medicinals",29,12,"E873"
"964","Poisoning by drugs/medicinals",29,12,"E874"
"964","Poisoning by drugs/medicinals",29,12,"E875"
"964","Poisoning by drugs/medicinals",29,12,"E876"
"965","Poisoning by drugs/medicinals",29,12,"E870"
"965","Poisoning by drugs/medicinals",29,12,"E871"
"965","Poisoning by drugs/medicinals",29,12,"E872"
"965","Poisoning by drugs/medicinals",29,12,"E873"
"965","Poisoning by drugs/medicinals",29,12,"E874"
"965","Poisoning by drugs/medicinals",29,12,"E875"
"965","Poisoning by drugs/medicinals",29,12,"E876"
"966","Poisoning by drugs/medicinals",29,12,"E870"
"966","Poisoning by drugs/medicinals",29,12,"E871"
"966","Poisoning by drugs/medicinals",29,12,"E872"
"966","Poisoning by drugs/medicinals",29,12,"E873"
"966","Poisoning by drugs/medicinals",29,12,"E874"
"966","Poisoning by drugs/medicinals",29,12,"E875"
"966","Poisoning by drugs/medicinals",29,12,"E876"
"967","Poisoning by drugs/medicinals",29,12,"E870"
"967","Poisoning by drugs/medicinals",29,12,"E871"
"967","Poisoning by drugs/medicinals",29,12,"E872"
"967","Poisoning by drugs/medicinals",29,12,"E873"
"967","Poisoning by drugs/medicinals",29,12,"E874"
"967","Poisoning by drugs/medicinals",29,12,"E875"
"967","Poisoning by drugs/medicinals",29,12,"E876"
"968","Poisoning by drugs/medicinals",29,12,"E870"
"968","Poisoning by drugs/medicinals",29,12,"E871"
"968","Poisoning by drugs/medicinals",29,12,"E872"
"968","Poisoning by drugs/medicinals",29,12,"E873"
"968","Poisoning by drugs/medicinals",29,12,"E874"
"968","Poisoning by drugs/medicinals",29,12,"E875"
"968","Poisoning by drugs/medicinals",29,12,"E876"
"969","Poisoning by drugs/medicinals",29,12,"E870"
"969","Poisoning by drugs/medicinals",29,12,"E871"
"969","Poisoning by drugs/medicinals",29,12,"E872"
"969","Poisoning by drugs/medicinals",29,12,"E873"
"969","Poisoning by drugs/medicinals",29,12,"E874"
"969","Poisoning by drugs/medicinals",29,12,"E875"
"969","Poisoning by drugs/medicinals",29,12,"E876"
"970","Poisoning by drugs/medicinals",29,12,"E870"
"970","Poisoning by drugs/medicinals",29,12,"E871"
"970","Poisoning by drugs/medicinals",29,12,"E872"
"970","Poisoning by drugs/medicinals",29,12,"E873"
"970","Poisoning by drugs/medicinals",29,12,"E874"
"970","Poisoning by drugs/medicinals",29,12,"E875"
"970","Poisoning by drugs/medicinals",29,12,"E876"
"971","Poisoning by drugs/medicinals",29,12,"E870"
"971","Poisoning by drugs/medicinals",29,12,"E871"
"971","Poisoning by drugs/medicinals",29,12,"E872"
"971","Poisoning by drugs/medicinals",29,12,"E873"
"971","Poisoning by drugs/medicinals",29,12,"E874"
"971","Poisoning by drugs/medicinals",29,12,"E875"
"971","Poisoning by drugs/medicinals",29,12,"E876"
"972","Poisoning by drugs/medicinals",29,12,"E870"
"972","Poisoning by drugs/medicinals",29,12,"E871"
"972","Poisoning by drugs/medicinals",29,12,"E872"
"972","Poisoning by drugs/medicinals",29,12,"E873"
"972","Poisoning by drugs/medicinals",29,12,"E874"
"972","Poisoning by drugs/medicinals",29,12,"E875"
"972","Poisoning by drugs/medicinals",29,12,"E876"
"973","Poisoning by drugs/medicinals",29,12,"E870"
"973","Poisoning by drugs/medicinals",29,12,"E871"
"973","Poisoning by drugs/medicinals",29,12,"E872"
"973","Poisoning by drugs/medicinals",29,12,"E873"
"973","Poisoning by drugs/medicinals",29,12,"E874"
"973","Poisoning by drugs/medicinals",29,12,"E875"
"973","Poisoning by drugs/medicinals",29,12,"E876"
"974","Poisoning by drugs/medicinals",29,12,"E870"
"974","Poisoning by drugs/medicinals",29,12,"E871"
"974","Poisoning by drugs/medicinals",29,12,"E872"
"974","Poisoning by drugs/medicinals",29,12,"E873"
"974","Poisoning by drugs/medicinals",29,12,"E874"
"974","Poisoning by drugs/medicinals",29,12,"E875"
"974","Poisoning by drugs/medicinals",29,12,"E876"
"975","Poisoning by drugs/medicinals",29,12,"E870"
"975","Poisoning by drugs/medicinals",29,12,"E871"
"975","Poisoning by drugs/medicinals",29,12,"E872"
"975","Poisoning by drugs/medicinals",29,12,"E873"
"975","Poisoning by drugs/medicinals",29,12,"E874"
"975","Poisoning by drugs/medicinals",29,12,"E875"
"975","Poisoning by drugs/medicinals",29,12,"E876"
"976","Poisoning by drugs/medicinals",29,12,"E870"
"976","Poisoning by drugs/medicinals",29,12,"E871"
"976","Poisoning by drugs/medicinals",29,12,"E872"
"976","Poisoning by drugs/medicinals",29,12,"E873"
"976","Poisoning by drugs/medicinals",29,12,"E874"
"976","Poisoning by drugs/medicinals",29,12,"E875"
"976","Poisoning by drugs/medicinals",29,12,"E876"
"977","Poisoning by drugs/medicinals",29,12,"E870"
"977","Poisoning by drugs/medicinals",29,12,"E871"
"977","Poisoning by drugs/medicinals",29,12,"E872"
"977","Poisoning by drugs/medicinals",29,12,"E873"
"977","Poisoning by drugs/medicinals",29,12,"E874"
"977","Poisoning by drugs/medicinals",29,12,"E875"
"977","Poisoning by drugs/medicinals",29,12,"E876"
"978","Poisoning by drugs/medicinals",29,12,"E870"
"978","Poisoning by drugs/medicinals",29,12,"E871"
"978","Poisoning by drugs/medicinals",29,12,"E872"
"978","Poisoning by drugs/medicinals",29,12,"E873"
"978","Poisoning by drugs/medicinals",29,12,"E874"
"978","Poisoning by drugs/medicinals",29,12,"E875"
"978","Poisoning by drugs/medicinals",29,12,"E876"
"979","Poisoning by drugs/medicinals",29,12,"E870"
"979","Poisoning by drugs/medicinals",29,12,"E871"
"979","Poisoning by drugs/medicinals",29,12,"E872"
"979","Poisoning by drugs/medicinals",29,12,"E873"
"979","Poisoning by drugs/medicinals",29,12,"E874"
"979","Poisoning by drugs/medicinals",29,12,"E875"
"979","Poisoning by drugs/medicinals",29,12,"E876"
"E960.0","Unarmed fight, brawl",30,7,"E960.1"
"E960.0","Unarmed fight, brawl",30,8,"E968.4"
